"id","operation_id","article_id","amount","time","week_number","type"
757,1330,30,"-1.00","2021-07-03 17:33:49.216275","26",0
792,1390,30,"-1.00","2021-07-03 18:38:27.688673","26",0
812,1422,30,"-1.00","2021-07-03 18:57:27.671708","26",0
828,1448,30,"-1.00","2021-07-03 19:28:09.657435","26",0
836,1462,30,"-2.00","2021-07-03 19:39:30.242454","26",0
843,1480,30,"-1.00","2021-07-13 15:21:51.11409","28",0
846,1488,30,"-1.00","2021-07-20 11:30:32.223357","29",0
862,1511,30,"-1.00","2021-08-08 14:43:58.466283","31",0
869,1521,30,"-3.00","2021-08-26 08:42:54.465989","34",0
894,1548,48,"-1.00","2021-09-03 14:43:54.360613","35",0
983,1700,30,"-1.00","2021-09-05 18:07:26.854096","35",0
1024,1773,48,"-1.00","2021-09-14 09:53:54.22282","37",0
1057,1820,48,"-1.00","2021-09-15 15:23:27.95579","37",0
1068,1834,30,"-1.00","2021-09-15 16:32:39.551856","37",1
1084,1855,47,"-1.00","2021-09-15 19:00:20.286476","37",0
1138,1930,30,"-1.00","2021-09-16 14:39:36.00945","37",0
1151,1956,49,"-1.00","2021-09-16 15:05:00.494045","37",0
1238,2112,47,"-1.00","2021-09-16 18:56:45.344712","37",0
1277,2181,47,"-1.00","2021-09-16 19:35:58.739018","37",0
1278,2181,48,"-1.00","2021-09-16 19:35:58.739018","37",0
1280,2183,47,"-1.00","2021-09-16 19:37:16.612142","37",0
1288,2193,48,"-1.00","2021-09-16 19:39:24.636064","37",0
1345,2267,49,"-1.00","2021-09-17 11:58:21.13189","37",0
1389,2352,30,"-1.00","2021-09-20 16:45:09.906444","38",0
1390,2353,49,"-1.00","2021-09-20 16:50:15.189559","38",0
1392,2354,30,"-1.00","2021-09-20 16:53:27.870293","38",0
1397,2362,48,"-1.00","2021-09-21 13:41:41.493745","38",0
1398,2364,30,"-1.00","2021-09-21 14:06:50.894402","38",0
1400,2367,47,"-1.00","2021-09-21 15:40:18.441272","38",0
1402,2369,49,"-1.00","2021-09-21 16:25:34.063033","38",0
1403,2370,48,"-1.00","2021-09-22 09:32:08.061827","38",0
1410,2382,30,"-1.00","2021-09-22 14:39:20.432411","38",0
1411,2384,30,"-1.00","2021-09-22 14:46:41.416526","38",0
1412,2384,47,"-1.00","2021-09-22 14:46:41.416526","38",0
1417,2392,49,"-1.00","2021-09-23 15:35:07.630834","38",1
1418,2392,30,"-1.00","2021-09-23 15:35:07.630834","38",1
1606,2676,49,"-1.00","2021-09-27 16:24:48.513667","39",0
1610,2684,49,"-2.00","2021-09-27 16:27:11.404202","39",0
1668,2772,30,"-1.00","2021-09-27 17:13:58.113616","39",0
1711,2834,49,"-1.00","2021-09-27 17:40:41.792121","39",0
1722,2852,30,"-1.00","2021-09-27 17:46:14.526849","39",0
1724,2856,49,"-1.00","2021-09-27 17:47:22.873265","39",0
1756,2914,48,"-1.00","2021-09-27 18:18:35.583132","39",0
1859,3099,30,"-1.00","2021-09-27 19:42:59.671493","39",0
1862,3103,47,"-1.00","2021-09-27 19:43:39.486753","39",0
1863,3105,48,"-1.00","2021-09-27 19:44:04.205018","39",0
1869,3113,47,"-1.00","2021-09-29 12:12:15.776174","39",0
1879,3129,30,"-1.00","2021-09-29 13:07:27.655636","39",0
1917,3193,48,"-1.00","2021-09-29 14:46:22.206808","39",0
1991,3303,30,"-1.00","2021-09-29 16:06:50.656921","39",0
2028,3360,30,"-1.00","2021-09-29 16:31:07.782903","39",0
2031,3365,30,"-1.00","2021-09-29 16:32:39.405799","39",0
2050,3399,47,"-1.00","2021-09-29 16:55:08.299962","39",0
2140,3555,30,"-1.00","2021-09-29 18:05:15.573602","39",0
2142,3557,48,"-1.00","2021-09-29 18:06:37.188886","39",0
2197,3644,48,"-1.00","2021-09-29 18:53:19.026717","39",0
2206,3660,30,"-1.00","2021-09-29 18:58:50.218712","39",0
2210,3667,49,"-1.00","2021-09-29 19:04:29.757605","39",0
2229,3701,49,"-1.00","2021-09-29 19:21:27.098707","39",0
2238,3715,49,"-1.00","2021-09-29 19:30:29.003071","39",0
2242,3722,48,"-1.00","2021-09-29 19:32:50.681898","39",0
2291,3804,49,"-1.00","2021-10-05 10:29:55.058213","40",1
2297,3815,49,"-1.00","2021-10-06 08:05:13.488351","40",0
2364,3917,48,"-1.00","2021-10-06 14:49:18.569541","40",0
2590,4256,49,"-1.00","2021-10-06 17:34:38.473751","40",0
2594,4263,48,"-1.00","2021-10-06 17:37:45.340827","40",0
2610,4286,49,"-1.00","2021-10-06 17:48:22.239572","40",0
2620,4303,49,"-1.00","2021-10-06 17:55:13.872704","40",0
2622,4305,49,"-1.00","2021-10-06 17:55:43.666998","40",0
2632,4322,48,"-1.00","2021-10-06 18:01:16.596035","40",0
2642,4340,47,"-1.00","2021-10-06 18:05:08.997386","40",0
2656,4362,47,"-1.00","2021-10-06 18:15:49.101266","40",0
2664,4374,48,"-1.00","2021-10-06 18:22:45.752572","40",0
2666,4376,47,"-1.00","2021-10-06 18:23:40.804867","40",0
2715,4451,48,"-2.00","2021-10-06 18:55:44.029884","40",0
2735,4484,47,"-1.00","2021-10-06 19:15:27.636132","40",0
2736,4484,48,"-1.00","2021-10-06 19:15:27.636132","40",0
2752,4514,48,"-1.00","2021-10-06 19:24:29.908027","40",0
2790,4572,48,"-1.00","2021-10-08 11:43:20.568622","40",0
2797,4582,48,"-1.00","2021-10-08 14:58:49.77425","40",0
2880,4708,49,"-1.00","2021-10-11 15:16:53.914044","41",0
2883,4711,49,"-1.00","2021-10-11 15:18:07.513689","41",0
2978,4859,49,"-1.00","2021-10-11 16:54:41.255909","41",0
3019,4921,49,"-1.00","2021-10-11 17:38:04.660008","41",0
3021,4923,30,"-1.00","2021-10-11 17:38:57.094161","41",0
3047,4972,30,"-1.00","2021-10-11 17:58:43.701264","41",0
3072,5007,49,"-1.00","2021-10-11 18:15:38.536308","41",0
3092,5041,49,"-1.00","2021-10-11 18:32:08.683142","41",0
3093,5043,49,"-1.00","2021-10-11 18:32:43.121736","41",0
3096,5047,47,"-1.00","2021-10-11 18:34:21.557909","41",0
3138,5113,48,"-1.00","2021-10-11 19:12:17.10815","41",0
3159,5144,48,"-1.00","2021-10-11 19:32:56.781881","41",0
3182,5185,30,"-1.00","2021-10-12 10:43:37.080329","41",0
3184,5188,30,"-4.00","2021-10-12 14:40:32.650258","41",0
3185,5190,47,"-3.00","2021-10-12 14:45:21.725272","41",0
3186,5190,48,"-3.00","2021-10-12 14:45:21.725272","41",0
3187,5192,30,"-1.00","2021-10-12 14:48:34.33271","41",0
3243,5282,49,"-1.00","2021-10-13 14:52:28.589446","41",0
3273,5332,48,"-1.00","2021-10-13 15:21:41.991719","41",0
3335,5420,49,"-1.00","2021-10-13 16:12:06.851842","41",0
3488,5634,30,"-1.00","2021-10-13 18:01:15.662523","41",0
3495,5644,48,"-1.00","2021-10-13 18:05:47.746471","41",0
3504,5654,48,"-1.00","2021-10-13 18:13:08.024741","41",0
3508,5658,30,"-1.00","2021-10-13 18:14:47.987456","41",0
3524,5680,49,"-1.00","2021-10-13 18:26:00.127563","41",0
3580,5771,30,"-1.00","2021-10-13 19:02:34.832331","41",0
3584,5775,30,"-2.00","2021-10-13 19:04:15.072485","41",0
3590,5787,48,"-1.00","2021-10-13 19:08:17.163607","41",0
3599,5802,48,"-1.00","2021-10-13 19:14:06.370234","41",0
3606,5816,48,"-1.00","2021-10-13 19:20:23.480599","41",0
3647,5888,30,"-1.00","2021-10-15 13:11:24.351211","41",1
3651,5893,30,"-1.00","2021-10-15 14:37:39.256924","41",0
3652,5894,30,"-1.00","2021-10-15 14:47:28.324499","41",0
3655,5899,49,"-1.00","2021-10-16 17:56:36.458456","41",0
3659,5901,48,"-1.00","2021-10-16 20:16:33.250772","41",0
3797,6118,48,"-1.00","2021-10-18 17:13:27.993028","42",0
3812,6140,49,"-1.00","2021-10-18 17:29:22.2545","42",0
3817,6150,49,"-1.00","2021-10-18 17:36:53.062049","42",0
3831,6176,48,"-1.00","2021-10-18 17:57:19.872358","42",0
3896,6279,49,"-1.00","2021-10-18 19:08:50.771216","42",0
3915,6315,49,"-1.00","2021-10-19 11:54:55.454129","42",0
3916,6317,49,"-1.00","2021-10-19 11:55:42.728875","42",0
3917,6317,30,"-1.00","2021-10-19 11:55:42.728875","42",0
3918,6319,48,"-1.00","2021-10-19 11:55:51.805203","42",0
3923,6327,49,"-1.00","2021-10-19 15:02:09.993856","42",1
3924,6329,49,"-1.00","2021-10-19 15:04:37.173738","42",0
3926,6331,49,"-1.00","2021-10-19 17:49:40.604459","42",0
3928,6333,30,"-1.00","2021-10-19 19:17:36.217876","42",0
3948,6365,49,"-1.00","2021-10-20 14:15:05.598622","42",0
3988,6427,49,"-1.00","2021-10-20 15:04:35.75798","42",0
3998,6443,30,"-1.00","2021-10-20 15:14:54.279436","42",0
4080,6554,47,"-1.00","2021-10-20 16:15:52.902134","42",0
4086,6560,49,"-1.00","2021-10-20 16:18:33.099384","42",0
4092,6566,49,"-1.00","2021-10-20 16:23:30.044459","42",0
4102,6574,30,"-1.00","2021-10-20 16:28:43.676427","42",0
4124,6598,49,"-1.00","2021-10-20 16:40:37.955252","42",0
4138,6613,49,"-1.00","2021-10-20 16:49:07.216431","42",0
4173,6669,30,"-1.00","2021-10-20 17:17:57.634889","42",0
4174,6669,47,"-1.00","2021-10-20 17:17:57.634889","42",0
4196,6700,48,"-1.00","2021-10-20 17:35:23.307831","42",0
4306,6875,47,"-1.00","2021-10-20 18:53:40.961502","42",0
4340,6925,48,"-2.00","2021-10-20 19:17:20.600194","42",0
4372,6977,47,"-2.00","2021-10-20 19:42:33.163475","42",0
4378,6987,49,"-1.00","2021-10-21 07:19:50.128806","42",0
4395,7016,30,"-1.00","2021-10-21 13:11:08.884399","42",0
4399,7022,49,"-1.00","2021-10-21 14:18:45.599898","42",0
4400,7024,49,"-1.00","2021-10-21 14:41:35.42519","42",0
4401,7026,49,"-1.00","2021-10-21 14:50:07.539357","42",0
4403,7030,48,"-1.00","2021-10-21 15:26:15.106066","42",0
4410,7043,48,"-1.00","2021-10-22 14:36:22.230291","42",0
4446,7093,49,"-1.00","2021-10-25 14:36:29.807763","43",0
4469,7137,48,"-1.00","2021-10-25 15:11:15.282239","43",0
4483,7162,47,"-1.00","2021-10-25 15:32:43.260792","43",0
4602,7339,30,"-1.00","2021-10-25 17:19:47.490191","43",0
4630,7386,49,"-1.00","2021-10-25 17:46:48.130423","43",0
4681,7467,49,"-1.00","2021-10-25 18:24:26.781363","43",0
4691,7483,47,"-1.00","2021-10-25 18:30:26.036891","43",0
4729,7549,48,"-1.00","2021-10-25 19:03:07.551033","43",0
4738,7565,30,"-2.00","2021-10-25 19:12:57.636456","43",0
4749,7581,47,"-1.00","2021-10-25 19:20:02.000587","43",0
4773,7613,49,"-1.00","2021-10-25 19:44:31.383267","43",0
4778,7621,48,"-1.00","2021-10-26 14:11:06.685901","43",0
4779,7622,48,"-1.00","2021-10-26 14:48:22.458475","43",0
4811,7682,30,"-1.00","2021-10-26 16:22:34.351274","43",0
4814,7688,49,"-1.00","2021-10-26 16:40:30.744865","43",0
4821,7701,30,"-1.00","2021-10-26 16:52:09.169922","43",0
4825,7707,48,"-1.00","2021-10-26 17:20:14.512769","43",0
4828,7712,30,"-1.00","2021-10-26 17:27:14.019251","43",0
4841,7739,30,"-1.00","2021-10-27 09:20:45.750565","43",0
4860,7769,49,"-1.00","2021-10-27 14:02:42.565845","43",0
4862,7773,30,"-1.00","2021-10-27 14:03:31.267363","43",0
4934,7890,49,"-1.00","2021-10-27 16:08:39.454372","43",0
4985,7960,30,"-1.00","2021-10-27 16:54:41.661279","43",0
5028,8033,49,"-1.00","2021-10-27 17:37:17.784676","43",0
5048,8067,30,"-1.00","2021-10-27 17:55:36.197531","43",0
5112,8166,49,"-1.00","2021-10-27 18:59:31.663834","43",0
5130,8195,47,"-1.00","2021-10-27 19:22:53.821168","43",0
5150,8232,47,"-1.00","2021-10-28 10:56:14.955611","43",0
5160,8252,49,"-1.00","2021-10-29 16:24:11.078932","43",1
5334,8424,49,"-1.00","2021-11-01 16:15:14.089997","44",0
5340,8436,49,"-1.00","2021-11-01 16:23:19.637508","44",0
5547,8671,47,"-1.00","2021-11-01 18:17:55.659406","44",0
5587,8720,49,"-1.00","2021-11-01 18:41:01.715061","44",0
5597,8727,49,"-1.00","2021-11-01 18:43:33.576965","44",0
5645,8789,49,"-1.00","2021-11-01 19:19:25.36761","44",0
5719,8860,49,"-1.00","2021-11-01 19:54:54.350338","44",0
5734,8876,48,"-1.00","2021-11-01 20:06:04.252754","44",0
5736,8878,47,"-1.00","2021-11-01 20:07:03.746863","44",0
5747,8893,49,"-2.00","2021-11-01 20:14:50.233516","44",0
5842,8997,49,"-1.00","2021-11-02 20:08:08.861792","44",0
6006,9161,48,"-1.00","2021-11-03 17:03:07.406725","44",0
6008,9163,48,"-1.00","2021-11-03 17:03:42.267933","44",0
6068,9226,30,"-1.00","2021-11-03 17:46:34.859179","44",0
6138,9300,49,"-1.00","2021-11-03 18:23:54.747731","44",0
6161,9345,30,"-1.00","2021-11-03 18:53:28.741995","44",0
6187,9387,49,"-1.00","2021-11-03 19:19:01.40812","44",0
6212,9433,49,"-1.00","2021-11-03 19:47:26.811261","44",0
6214,9435,30,"-1.00","2021-11-03 19:47:55.120791","44",0
6217,9439,30,"-1.00","2021-11-03 19:49:37.981808","44",0
6245,9489,49,"-1.00","2021-11-03 20:06:51.507249","44",0
6246,9491,49,"-1.00","2021-11-03 20:07:22.39234","44",0
6255,9509,30,"-1.00","2021-11-03 20:24:11.470456","44",0
6266,9524,49,"-1.00","2021-11-03 20:31:04.079266","44",0
6274,9538,30,"-1.00","2021-11-03 20:35:33.411682","44",0
6289,9557,48,"-1.00","2021-11-04 12:04:59.405835","44",0
6291,9561,30,"-1.00","2021-11-04 12:38:36.181664","44",0
6292,9564,49,"-1.00","2021-11-04 13:31:03.517274","44",0
6331,9617,49,"-1.00","2021-11-04 20:14:09.860277","44",0
6354,9644,49,"-1.00","2021-11-06 15:21:55.031168","44",0
6528,9807,49,"-1.00","2021-11-08 16:48:33.182469","45",0
6535,9815,49,"-1.00","2021-11-08 16:54:02.475329","45",0
6539,9821,48,"-1.00","2021-11-08 16:55:38.973455","45",0
6557,9838,49,"-1.00","2021-11-08 17:05:34.062137","45",0
6587,9865,47,"-1.00","2021-11-08 17:36:51.084746","45",0
6739,10024,49,"-1.00","2021-11-08 19:40:28.193197","45",0
6746,10034,30,"-1.00","2021-11-08 19:50:04.892128","45",0
6762,10048,48,"-1.00","2021-11-08 20:02:45.944759","45",0
6771,10064,49,"-1.00","2021-11-08 20:12:52.24755","45",0
6783,10079,49,"-1.00","2021-11-08 20:30:16.998471","45",0
6793,10094,49,"-1.00","2021-11-09 10:58:20.789537","45",0
6841,10142,49,"-1.00","2021-11-09 18:14:44.758429","45",0
6951,10264,49,"-1.00","2021-11-10 16:19:22.310064","45",0
6952,10266,30,"-1.00","2021-11-10 16:21:47.407269","45",0
7265,10656,49,"-1.00","2021-11-10 19:34:45.012107","45",0
7377,10810,48,"-1.00","2021-11-15 13:40:04.86549","46",0
7406,10844,49,"-1.00","2021-11-15 17:23:08.494238","46",0
7553,11001,49,"-1.00","2021-11-17 16:04:12.617431","46",0
7570,11022,49,"-1.00","2021-11-17 19:00:31.509329","46",0
7612,11078,48,"-1.00","2021-11-18 15:57:51.388555","46",0
7613,11080,49,"-1.00","2021-11-18 16:58:48.73156","46",0
7615,11082,49,"-1.00","2021-11-18 17:00:10.865184","46",0
7621,11094,47,"-1.00","2021-11-18 17:26:33.646828","46",0
7624,11098,48,"-1.00","2021-11-18 18:30:34.700846","46",0
7625,11099,48,"-1.00","2021-11-18 20:27:44.922737","46",0
7631,11106,30,"-1.00","2021-11-19 13:44:20.541354","46",1
7637,11117,30,"-1.00","2021-11-20 15:28:34.080968","46",0
7638,11119,30,"-1.00","2021-11-20 15:29:02.485517","46",0
7852,11348,49,"-1.00","2021-11-22 18:09:25.057533","47",0
7951,11474,49,"-1.00","2021-11-22 19:30:34.298237","47",0
7954,11480,49,"-1.00","2021-11-22 19:33:03.506782","47",0
7993,11527,49,"-1.00","2021-11-22 20:07:55.918749","47",0
8049,11603,49,"-1.00","2021-11-23 16:42:41.714375","47",0
8052,11606,47,"-1.00","2021-11-23 18:54:02.814664","47",0
8075,11644,30,"-1.00","2021-11-24 15:42:50.081731","47",0
8083,11657,49,"-1.00","2021-11-24 16:21:25.381895","47",0
8085,11659,30,"-1.00","2021-11-24 16:22:42.244545","47",0
8098,11680,49,"-1.00","2021-11-24 16:49:23.940713","47",0
8103,11688,49,"-1.00","2021-11-24 17:00:46.883932","47",0
8104,11688,30,"-1.00","2021-11-24 17:00:46.883932","47",0
8107,11694,49,"-1.00","2021-11-24 17:01:55.47358","47",0
8108,11696,48,"-1.00","2021-11-24 17:02:55.232871","47",0
8113,11701,30,"-1.00","2021-11-24 17:05:58.907042","47",0
8118,11711,49,"-1.00","2021-11-24 17:11:39.219264","47",0
8120,11713,48,"-1.00","2021-11-24 17:12:37.015634","47",0
8144,11756,30,"-1.00","2021-11-24 18:00:42.802414","47",0
8146,11760,30,"-1.00","2021-11-24 18:03:02.781268","47",0
8158,11781,47,"-1.00","2021-11-24 18:33:30.793759","47",0
8164,11789,47,"-1.00","2021-11-24 18:39:52.373735","47",0
8170,11797,30,"-1.00","2021-11-24 18:45:27.888029","47",0
8189,11831,49,"-1.00","2021-11-24 19:01:17.14525","47",0
8203,11853,30,"-1.00","2021-11-24 19:17:31.396811","47",0
8208,11860,47,"-1.00","2021-11-24 19:19:26.720474","47",0
8213,11865,30,"-1.00","2021-11-24 19:24:12.673683","47",0
8220,11877,49,"-1.00","2021-11-24 19:29:39.411254","47",0
8228,11889,49,"-1.00","2021-11-24 19:35:12.58647","47",0
8235,11901,49,"-1.00","2021-11-24 19:40:43.067497","47",0
8245,11917,30,"-1.00","2021-11-24 19:55:40.420058","47",0
8246,11919,49,"-1.00","2021-11-24 19:58:33.685644","47",0
8257,11942,30,"-1.00","2021-11-24 20:15:57.87688","47",0
8261,11950,30,"-1.00","2021-11-24 20:21:11.123285","47",0
8272,11968,48,"-1.00","2021-11-24 20:33:00.067349","47",0
8289,11995,49,"-1.00","2021-11-25 13:09:56.81611","47",0
8310,12030,49,"-1.00","2021-11-29 16:08:20.192074","48",0
8318,12043,48,"-1.00","2021-11-29 18:16:14.26674","48",0
8344,12083,49,"-1.00","2021-11-30 15:53:11.227296","48",0
8370,12132,49,"-1.00","2021-11-30 17:37:30.155872","48",0
8417,12198,48,"-1.00","2021-12-01 16:00:28.403651","48",0
8420,12204,49,"-1.00","2021-12-01 18:58:39.995872","48",0
8445,12248,49,"-1.00","2021-12-02 16:49:33.227756","48",0
8450,12254,30,"-1.00","2021-12-03 06:08:28.668713","48",0
8458,12263,30,"-1.00","2021-12-03 15:46:16.484767","48",0
8478,12279,30,"-1.00","2021-12-04 00:11:36.547415","48",0
8479,12281,30,"-1.00","2021-12-04 14:45:35.199703","48",0
8486,12287,30,"-1.00","2021-12-05 01:51:43.959432","48",0
8497,12307,30,"-1.00","2021-12-05 17:01:38.298665","48",0
8498,12309,48,"-1.00","2021-12-05 17:03:44.939569","48",0
8505,12319,30,"-1.00","2021-12-05 17:23:38.103197","48",0
8506,12321,30,"-1.00","2021-12-05 17:26:30.54771","48",0
8507,12323,30,"-1.00","2021-12-05 17:26:53.246358","48",0
8519,12345,49,"-1.00","2021-12-05 18:09:36.665989","48",0
8520,12347,49,"-1.00","2021-12-05 18:09:52.429841","48",0
8522,12351,47,"-1.00","2021-12-05 18:11:48.398169","48",0
8530,12363,30,"-1.00","2021-12-05 19:53:15.37053","48",0
8540,12379,49,"-1.00","2021-12-06 12:53:24.556264","49",0
8578,12403,47,"-1.00","2021-12-06 16:11:50.740477","49",0
8580,12407,49,"-1.00","2021-12-06 16:13:24.195002","49",0
8610,12457,49,"-1.00","2021-12-07 15:00:58.844355","49",0
8611,12457,48,"-1.00","2021-12-07 15:00:58.844355","49",0
8630,12476,49,"-1.00","2021-12-08 05:53:09.467388","49",0
8723,12566,49,"-1.00","2021-12-10 08:50:48.536842","49",0
8726,12570,48,"-1.00","2021-12-10 09:52:15.74087","49",0
8867,12765,47,"-1.00","2021-12-12 12:44:39.815991","49",0
8875,12780,30,"-1.00","2021-12-12 13:24:06.540771","49",0
8879,12787,49,"-1.00","2021-12-12 15:03:56.359822","49",0
8885,12796,48,"-1.00","2021-12-12 16:41:17.661712","49",0
8886,12798,30,"-1.00","2021-12-13 06:47:13.49434","50",0
8937,12855,49,"-1.00","2021-12-13 20:02:12.221104","50",0
8952,12874,49,"-1.00","2021-12-14 15:41:04.579318","50",0
8965,12896,49,"-1.00","2021-12-14 19:40:20.496024","50",0
9043,13014,49,"-1.00","2021-12-16 14:37:08.929372","50",0
9045,13017,49,"-1.00","2021-12-16 15:36:33.821215","50",0
9068,13052,49,"-1.00","2021-12-16 18:36:22.847311","50",0
9080,13071,30,"-1.00","2021-12-17 20:37:04.876806","50",0
9081,13073,30,"-1.00","2021-12-17 20:37:29.747994","50",0
9084,13075,30,"-1.00","2021-12-19 16:57:46.030187","50",0
9107,13118,30,"-1.00","2022-01-05 09:41:05.724865","1",0
9113,13128,48,"-1.00","2022-01-05 15:06:13.05016","1",0
9117,13134,49,"-1.00","2022-01-06 16:09:00.029679","1",0
9119,13135,49,"-1.00","2022-01-06 16:09:25.068461","1",0
9120,13136,47,"-1.00","2022-01-06 20:23:58.399948","1",0
9123,13141,49,"-1.00","2022-01-07 12:18:24.793688","1",0
9149,13190,49,"-1.00","2022-01-13 17:08:43.588035","2",0
9154,13195,49,"-1.00","2022-01-17 10:53:55.982915","3",0
9158,13198,49,"-1.00","2022-01-17 14:35:02.325883","3",0
9162,13206,30,"-1.00","2022-01-20 14:03:11.625742","3",0
9166,13211,30,"-1.00","2022-01-21 17:53:25.107113","3",0
9185,13231,30,"-1.00","2022-01-25 10:00:54.755562","4",0
9188,13236,76,"-1.00","2022-01-25 12:01:22.842748","4",0
9215,13272,76,"-1.00","2022-02-01 09:39:19.467862","5",0
9225,13288,76,"-1.00","2022-02-02 11:58:43.620351","5",0
9229,13292,48,"-1.00","2022-02-02 12:11:32.85423","5",0
9230,13294,48,"-1.00","2022-02-02 12:13:57.974851","5",0
9255,13326,49,"-1.00","2022-02-04 10:31:37.69805","5",0
9271,13340,30,"-1.00","2022-02-04 11:24:19.81317","5",0
9300,13361,49,"-1.00","2022-02-04 13:46:05.029367","5",0
9313,13383,49,"-1.00","2022-02-07 13:38:06.085094","6",0
9322,13394,30,"-1.00","2022-02-07 16:39:35.341692","6",0
9328,13401,49,"-1.00","2022-02-07 18:06:35.927013","6",0
9335,13407,49,"-1.00","2022-02-07 18:55:25.116434","6",0
9343,13412,30,"-1.00","2022-02-07 19:09:25.556019","6",0
9348,13416,49,"-1.00","2022-02-07 19:52:00.181693","6",0
9364,13430,49,"-1.00","2022-02-07 20:39:22.335866","6",0
9366,13432,76,"-1.00","2022-02-07 20:40:05.179803","6",0
9378,13449,30,"-1.00","2022-02-08 06:09:48.403938","6",0
9386,13462,49,"-1.00","2022-02-08 16:33:59.646742","6",0
9388,13463,76,"-1.00","2022-02-08 16:35:13.008499","6",0
9486,13548,30,"-1.00","2022-02-09 15:50:39.236899","6",0
9651,13740,48,"-1.00","2022-02-09 17:19:08.738803","6",0
9685,13770,47,"-1.00","2022-02-09 17:38:37.259434","6",0
9799,13881,30,"-1.00","2022-02-09 18:45:57.842128","6",0
9800,13883,48,"-1.00","2022-02-09 18:46:44.789351","6",0
9818,13905,49,"-1.00","2022-02-09 18:58:51.321403","6",0
9827,13919,47,"-1.00","2022-02-09 19:04:24.161507","6",0
9931,14058,48,"-1.00","2022-02-09 20:41:43.977798","6",0
9961,14093,48,"-1.00","2022-02-11 13:35:30.805804","6",0
9968,14100,48,"-1.00","2022-02-13 12:08:41.656525","6",0
10015,14160,49,"-1.00","2022-02-14 15:48:16.879892","7",0
10041,14191,30,"-1.00","2022-02-14 16:42:08.114743","7",0
10122,14281,49,"-1.00","2022-02-14 18:00:34.32885","7",0
10175,14358,49,"-1.00","2022-02-14 18:40:07.407122","7",0
10215,14404,49,"-1.00","2022-02-14 19:05:58.002698","7",0
10261,14479,48,"-1.00","2022-02-14 19:42:26.794065","7",0
10350,14610,30,"-1.00","2022-02-15 11:39:04.704085","7",0
10355,14618,49,"-1.00","2022-02-15 17:15:29.837876","7",0
10371,14643,76,"-1.00","2022-02-16 12:52:24.078122","7",0
10502,14784,49,"-1.00","2022-02-16 16:32:15.661397","7",0
10775,15079,49,"-1.00","2022-02-16 19:00:53.173348","7",0
10806,15117,49,"-1.00","2022-02-16 19:13:06.158455","7",0
10859,15176,49,"-1.00","2022-02-16 19:42:12.309416","7",0
10870,15192,30,"-1.00","2022-02-16 19:47:00.734209","7",0
10949,15323,48,"-1.00","2022-02-16 21:01:57.808303","7",0
11008,15378,49,"-1.00","2022-02-17 16:41:22.997745","7",0
11059,15428,49,"-1.00","2022-02-21 14:56:43.764513","8",0
11060,15428,76,"-1.00","2022-02-21 14:56:43.764513","8",0
11160,15574,30,"-1.00","2022-02-21 16:51:08.695023","8",0
11234,15669,30,"-1.00","2022-02-21 18:05:19.715784","8",0
11242,15683,49,"-1.00","2022-02-21 18:15:57.438592","8",0
11344,15799,47,"-1.00","2022-02-21 19:06:58.650532","8",0
11424,15902,30,"-2.00","2022-02-21 19:54:28.523932","8",0
11451,15938,49,"-1.00","2022-02-21 20:14:15.401745","8",0
11473,15978,48,"-1.00","2022-02-21 20:52:27.773174","8",0
11488,15997,92,"-1.00","2022-02-22 15:56:44.08564","8",0
11506,16022,48,"-1.00","2022-02-23 12:48:16.486725","8",0
11508,16024,76,"-1.00","2022-02-23 12:56:32.890078","8",0
11525,16045,49,"-1.00","2022-02-23 14:31:13.773353","8",0
11665,16189,30,"-1.00","2022-02-23 16:33:50.708193","8",0
11799,16339,49,"-1.00","2022-02-23 18:10:16.64434","8",0
11842,16387,49,"-1.00","2022-02-23 18:28:38.201594","8",0
11867,16417,47,"-1.00","2022-02-23 18:41:42.824417","8",0
11892,16437,49,"-2.00","2022-02-23 18:52:51.739145","8",0
12008,16565,49,"-1.00","2022-02-23 19:50:52.569291","8",0
12015,16574,49,"-2.00","2022-02-23 19:56:50.23996","8",0
12016,16574,48,"-1.00","2022-02-23 19:56:50.23996","8",0
12042,16608,48,"-1.00","2022-02-23 20:13:25.202287","8",0
12048,16619,47,"-1.00","2022-02-23 20:16:08.693186","8",0
12063,16640,48,"-2.00","2022-02-23 20:27:40.77615","8",0
12090,16681,48,"-1.00","2022-02-24 12:22:11.08124","8",0
12091,16683,49,"-1.00","2022-02-24 13:45:12.582312","8",0
12093,16686,48,"-1.00","2022-02-24 15:20:55.369208","8",0
12095,16688,49,"-1.00","2022-02-24 15:21:46.30072","8",0
12158,16766,42,"-1.00","2022-02-25 16:38:49.929523","8",0
12177,16791,49,"-1.00","2022-02-25 17:04:22.05807","8",0
12224,16839,49,"-1.00","2022-02-25 17:33:33.938441","8",0
12259,16895,49,"-1.00","2022-02-25 18:19:30.392615","8",0
12269,16905,49,"-1.00","2022-02-25 18:23:41.304567","8",0
12347,17000,49,"-1.00","2022-02-25 19:17:47.427754","8",0
12348,17000,92,"-1.00","2022-02-25 19:17:47.427754","8",0
12379,17049,76,"-1.00","2022-02-25 19:44:01.672882","8",0
12432,17127,42,"-1.00","2022-02-25 21:47:16.028595","8",0
12588,17289,76,"-1.00","2022-02-28 18:06:57.516451","9",0
12615,17325,92,"-1.00","2022-02-28 18:34:50.067166","9",0
12626,17333,92,"-1.00","2022-02-28 18:39:58.277011","9",0
12655,17358,49,"-1.00","2022-02-28 19:04:58.566999","9",0
12689,17398,92,"-1.00","2022-02-28 19:45:24.689323","9",0
12731,17455,48,"-1.00","2022-02-28 20:38:09.541062","9",0
12744,17476,49,"-1.00","2022-03-01 15:26:24.33602","9",0
13159,18024,92,"-1.00","2022-03-02 18:41:43.243002","9",0
13204,18074,42,"-1.00","2022-03-02 19:07:44.753708","9",0
13319,18230,49,"-1.00","2022-03-02 20:07:24.182647","9",0
13326,18242,49,"-1.00","2022-03-02 20:12:23.663932","9",0
13327,18244,76,"-1.00","2022-03-02 20:13:05.665616","9",0
13336,18261,49,"-1.00","2022-03-02 20:20:50.96466","9",0
13337,18261,92,"-1.00","2022-03-02 20:20:50.96466","9",0
13338,18261,42,"-1.00","2022-03-02 20:20:50.96466","9",0
13342,18266,42,"-1.00","2022-03-02 20:23:59.67168","9",0
13373,18330,42,"-1.00","2022-03-03 09:35:47.823114","9",0
13377,18338,42,"-1.00","2022-03-03 12:27:08.566081","9",0
13390,18356,42,"-1.00","2022-03-03 18:32:20.047931","9",0
13417,18386,49,"-1.00","2022-03-04 15:07:16.100324","9",0
13427,18401,92,"-1.00","2022-03-04 17:05:33.062202","9",0
13432,18409,49,"-1.00","2022-03-04 19:52:50.531813","9",0
13434,18413,49,"-1.00","2022-03-06 18:14:40.959736","9",0
13438,18417,48,"-1.00","2022-03-07 07:55:51.668015","10",0
13446,18428,76,"-1.00","2022-03-07 13:59:46.186937","10",0
13514,18510,42,"-2.00","2022-03-07 17:36:03.489668","10",0
13515,18512,42,"-1.00","2022-03-07 17:36:22.009189","10",0
13537,18542,48,"-1.00","2022-03-07 18:09:24.604211","10",0
13616,18624,92,"-1.00","2022-03-07 19:18:55.623945","10",0
13617,18626,49,"-1.00","2022-03-07 19:20:45.249624","10",0
13619,18628,92,"-1.00","2022-03-07 19:22:13.236488","10",0
13626,18642,49,"-1.00","2022-03-07 19:31:41.722391","10",0
13627,18644,49,"-1.00","2022-03-07 19:32:16.883259","10",0
13639,18664,49,"-1.00","2022-03-07 19:56:36.305573","10",0
13645,18674,42,"-2.00","2022-03-07 20:09:41.154542","10",0
13651,18680,49,"-1.00","2022-03-07 20:16:45.212139","10",0
13683,18717,49,"-1.00","2022-03-08 15:46:12.479038","10",0
13684,18717,76,"-1.00","2022-03-08 15:46:12.479038","10",0
13903,18935,49,"-1.00","2022-03-09 17:01:59.690272","10",0
14002,19062,48,"-1.00","2022-03-09 18:00:33.432376","10",0
14116,19177,42,"-1.00","2022-03-09 19:02:23.498478","10",0
14159,19229,92,"-2.00","2022-03-09 19:28:18.875889","10",0
14170,19243,49,"-1.00","2022-03-09 19:35:26.25217","10",0
14171,19243,92,"-1.00","2022-03-09 19:35:26.25217","10",0
14172,19243,42,"-1.00","2022-03-09 19:35:26.25217","10",0
14181,19250,47,"-1.00","2022-03-09 19:42:48.618447","10",0
14184,19256,49,"-2.00","2022-03-09 19:45:45.559733","10",0
14193,19270,49,"-1.00","2022-03-09 19:52:22.608271","10",0
14208,19296,92,"-1.00","2022-03-09 19:58:20.908624","10",0
14209,19296,49,"-1.00","2022-03-09 19:58:20.908624","10",0
14242,19356,48,"-2.00","2022-03-09 20:57:53.612182","10",0
14250,19371,49,"-1.00","2022-03-10 13:14:34.66964","10",0
14266,19396,48,"-1.00","2022-03-10 18:09:02.140832","10",0
14268,19399,42,"-1.00","2022-03-10 18:28:36.455632","10",0
14269,19400,42,"-1.00","2022-03-10 19:03:16.007144","10",0
14275,19408,49,"-1.00","2022-03-10 20:42:16.686665","10",0
14276,19408,42,"-1.00","2022-03-10 20:42:16.686665","10",0
14281,19414,48,"-1.00","2022-03-11 15:32:41.202656","10",0
14286,19421,76,"-1.00","2022-03-13 18:28:34.996824","10",0
14287,19423,76,"-1.00","2022-03-13 18:29:20.071352","10",0
14295,19432,49,"-1.00","2022-03-14 06:37:57.714407","11",0
14307,19445,48,"-1.00","2022-03-14 11:57:27.088721","11",0
14310,19450,48,"-1.00","2022-03-14 12:25:17.858638","11",0
14426,19579,49,"-1.00","2022-03-14 17:46:40.691151","11",0
14518,19689,92,"-1.00","2022-03-14 20:19:29.968644","11",0
14558,19741,42,"-1.00","2022-03-15 15:54:38.512418","11",0
14570,19752,76,"-1.00","2022-03-15 16:55:29.134058","11",0
14571,19752,49,"-1.00","2022-03-15 16:55:29.134058","11",0
14580,19763,48,"-1.00","2022-03-15 17:50:35.519623","11",0
14609,19793,76,"-1.00","2022-03-16 12:50:44.811586","11",0
14877,20109,49,"-1.00","2022-03-16 18:31:53.856732","11",0
14883,20121,92,"-1.00","2022-03-16 18:37:10.398264","11",0
15020,20280,47,"-1.00","2022-03-16 19:41:12.79004","11",0
15031,20290,49,"-1.00","2022-03-16 19:44:55.559406","11",0
15045,20307,48,"-2.00","2022-03-16 19:49:59.76904","11",0
15104,20380,49,"-1.00","2022-03-16 20:28:36.485505","11",0
15138,20435,76,"-1.00","2022-03-17 15:14:54.37237","11",0
15177,20477,42,"-1.00","2022-03-19 13:54:32.946181","11",0
15185,20488,49,"-1.00","2022-03-20 07:29:53.69004","11",0
15189,20494,92,"-1.00","2022-03-20 10:33:47.42892","11",0
15196,20506,42,"-1.00","2022-03-20 13:44:32.878213","11",0
15198,20506,76,"-1.00","2022-03-20 13:44:32.878213","11",0
15201,20508,48,"-1.00","2022-03-20 14:07:12.634349","11",0
15202,20510,49,"-1.00","2022-03-20 14:53:38.395705","11",0
15204,20513,48,"-1.00","2022-03-20 14:58:17.456747","11",0
15232,20556,49,"-1.00","2022-03-21 13:04:47.746138","12",0
15234,20559,49,"-1.00","2022-03-21 13:11:26.845068","12",0
15236,20560,49,"-1.00","2022-03-21 13:11:26.974721","12",0
15242,20572,42,"-1.00","2022-03-21 13:46:30.640269","12",0
15267,20613,42,"-1.00","2022-03-21 16:26:38.493164","12",0
15283,20640,42,"-1.00","2022-03-21 17:53:00.8751","12",0
15291,20650,92,"-1.00","2022-03-21 18:24:06.060934","12",0
15298,20660,42,"-1.00","2022-03-21 19:03:58.50527","12",0
15299,20662,42,"-1.00","2022-03-21 19:07:26.622917","12",0
15305,20670,42,"-1.00","2022-03-21 19:15:51.581429","12",0
15318,20690,49,"-1.00","2022-03-21 19:46:30.554473","12",0
15321,20692,42,"-1.00","2022-03-21 20:00:14.710944","12",0
15324,20694,42,"-1.00","2022-03-21 20:03:05.356269","12",0
15337,20715,49,"-1.00","2022-03-22 10:26:02.673638","12",0
15367,20754,48,"-1.00","2022-03-22 14:26:35.090709","12",0
15379,20770,48,"-1.00","2022-03-22 14:56:41.764129","12",0
15383,20774,76,"-1.00","2022-03-22 15:58:08.223534","12",0
15385,20776,48,"-1.00","2022-03-22 16:15:34.666271","12",0
15389,20782,42,"-1.00","2022-03-22 16:43:33.64858","12",0
15397,20787,76,"-1.00","2022-03-23 08:30:38.299705","12",0
15404,20796,42,"-1.00","2022-03-23 10:02:54.412499","12",0
15641,21050,92,"-2.00","2022-03-23 17:48:17.602591","12",0
15648,21056,49,"-1.00","2022-03-23 17:52:29.509228","12",0
15650,21058,49,"-1.00","2022-03-23 17:54:37.857568","12",0
15731,21156,49,"-1.00","2022-03-23 18:47:59.440504","12",0
15745,21172,49,"-1.00","2022-03-23 18:58:14.107489","12",0
15747,21174,49,"-1.00","2022-03-23 18:59:20.344706","12",0
15762,21196,49,"-1.00","2022-03-23 19:13:20.686907","12",0
15800,21252,49,"-1.00","2022-03-23 19:34:40.28685","12",0
15804,21259,49,"-1.00","2022-03-23 19:40:09.602222","12",0
15821,21277,49,"-1.00","2022-03-23 19:48:00.340971","12",0
15829,21289,48,"-1.00","2022-03-23 19:55:33.587313","12",0
15830,21291,76,"-1.00","2022-03-23 19:55:51.319296","12",0
15956,21446,48,"-1.00","2022-03-24 18:54:41.689111","12",0
15957,21447,49,"-1.00","2022-03-24 19:40:58.441074","12",0
15958,21447,48,"-1.00","2022-03-24 19:40:58.441074","12",0
15961,21448,49,"-1.00","2022-03-24 20:31:32.85383","12",0
15975,21473,48,"-1.00","2022-03-25 15:39:51.177448","12",0
15985,21490,48,"-1.00","2022-03-26 16:31:03.959422","12",0
16010,21526,49,"-1.00","2022-03-27 15:16:11.259882","12",0
16015,21532,49,"-1.00","2022-03-27 17:07:11.889612","12",0
16021,21536,76,"-1.00","2022-03-27 17:19:51.828577","12",0
16037,21560,48,"-1.00","2022-03-27 19:28:55.360377","12",0
16068,21599,49,"-1.00","2022-03-29 08:07:31.012761","13",0
16179,21732,48,"-1.00","2022-03-29 17:16:30.263349","13",0
16353,21901,49,"-1.00","2022-03-30 15:27:24.101205","13",0
16461,22012,49,"-1.00","2022-03-30 16:30:01.79818","13",0
16525,22099,48,"-1.00","2022-03-30 17:13:45.535436","13",0
16533,22113,49,"-1.00","2022-03-30 17:20:34.875107","13",0
16538,22119,49,"-1.00","2022-03-30 17:23:33.829721","13",0
16545,22126,49,"-1.00","2022-03-30 17:27:04.103153","13",0
16549,22132,47,"-1.00","2022-03-30 17:31:52.744862","13",0
16550,22132,92,"-1.00","2022-03-30 17:31:52.744862","13",0
16552,22134,76,"-1.00","2022-03-30 17:32:15.126671","13",0
16580,22178,48,"-1.00","2022-03-30 17:57:18.068475","13",0
16586,22184,92,"-1.00","2022-03-30 17:58:47.557698","13",0
16603,22207,49,"-1.00","2022-03-30 18:07:43.932334","13",0
16611,22221,49,"-1.00","2022-03-30 18:18:24.9744","13",0
16626,22243,92,"-1.00","2022-03-30 18:31:29.684884","13",0
16648,22274,92,"-1.00","2022-03-30 18:54:46.086265","13",0
16663,22300,49,"-1.00","2022-03-30 19:04:17.465501","13",0
16676,22320,48,"-1.00","2022-03-30 19:14:19.237961","13",0
16696,22356,92,"-1.00","2022-03-30 19:36:47.231737","13",0
16731,22411,49,"-1.00","2022-04-13 12:21:32.956985","15",0
16875,22573,49,"-1.00","2022-04-13 15:26:55.063612","15",0
16923,22623,49,"-1.00","2022-04-13 16:03:58.742074","15",0
16926,22627,49,"-1.00","2022-04-13 16:16:01.629131","15",0
16927,22627,48,"-1.00","2022-04-13 16:16:01.629131","15",0
17059,22790,48,"-2.00","2022-04-13 18:04:02.922991","15",0
17064,22798,49,"-1.00","2022-04-13 18:07:41.895268","15",0
17065,22800,48,"-1.00","2022-04-13 18:08:27.318496","15",0
17067,22804,92,"-1.00","2022-04-13 18:14:04.049052","15",0
17103,22846,49,"-1.00","2022-04-13 18:34:20.116332","15",0
17149,22898,92,"-1.00","2022-04-13 18:58:02.555003","15",0
17172,22926,92,"-1.00","2022-04-13 19:17:21.916965","15",0
17186,22950,49,"-1.00","2022-04-13 19:28:08.261731","15",0
17204,22980,92,"-1.00","2022-04-13 19:44:13.862193","15",0
17208,22988,92,"-1.00","2022-04-13 19:51:09.124192","15",0
17226,23010,49,"-1.00","2022-04-19 13:36:42.759413","16",0
17332,23133,49,"-1.00","2022-04-20 15:31:26.723107","16",0
17382,23175,48,"-1.00","2022-04-20 16:05:07.710303","16",0
17410,23208,48,"-1.00","2022-04-20 16:35:29.760499","16",0
17419,23223,49,"-1.00","2022-04-20 16:41:32.196717","16",0
17434,23248,92,"-1.00","2022-04-20 16:56:18.943785","16",0
17518,23352,49,"-1.00","2022-04-20 17:49:15.130787","16",0
17539,23368,49,"-1.00","2022-04-20 17:58:14.36975","16",0
17549,23374,49,"-1.00","2022-04-20 18:01:51.587661","16",0
17550,23374,47,"-1.00","2022-04-20 18:01:51.587661","16",0
17559,23382,49,"-1.00","2022-04-20 18:04:42.640892","16",0
17560,23384,49,"-1.00","2022-04-20 18:05:03.527686","16",0
17575,23404,49,"-2.00","2022-04-20 18:12:37.189755","16",0
17586,23412,47,"-1.00","2022-04-20 18:16:55.018699","16",0
17597,23434,48,"-1.00","2022-04-20 18:25:29.823542","16",0
17653,23505,47,"-1.00","2022-04-20 19:09:37.225825","16",0
17700,23576,48,"-2.00","2022-04-20 19:52:04.760154","16",0
17706,23583,76,"-1.00","2022-04-21 09:33:05.90853","16",0
17707,23583,92,"-1.00","2022-04-21 09:33:05.90853","16",0
17710,23589,92,"-1.00","2022-04-21 12:07:03.535877","16",0
17747,23639,49,"-1.00","2022-04-22 12:35:05.100871","16",0
17781,23689,49,"-1.00","2022-04-26 08:00:45.102867","17",0
18027,23954,48,"-1.00","2022-04-27 15:33:14.873427","17",0
18059,23993,49,"-1.00","2022-04-27 16:00:42.300638","17",0
18076,24011,48,"-1.00","2022-04-27 16:21:18.010564","17",0
18132,24083,49,"-1.00","2022-04-27 17:07:15.01362","17",0
18300,24271,92,"-1.00","2022-04-27 18:51:56.240691","17",0
18343,24349,48,"-1.00","2022-04-27 19:41:20.091598","17",0
18359,24366,76,"-1.00","2022-04-28 11:08:24.502048","17",0
18383,24405,48,"-1.00","2022-04-29 06:16:58.897309","17",0
18433,24466,76,"-1.00","2022-04-30 08:54:24.844908","17",0
18652,24706,49,"-1.00","2022-04-30 13:41:20.685538","17",0
18785,24869,49,"-1.00","2022-04-30 15:27:36.668441","17",0
18791,24877,49,"-1.00","2022-04-30 15:30:53.833166","17",0
18898,24999,48,"-1.00","2022-04-30 16:25:48.191561","17",0
18899,25001,48,"-1.00","2022-04-30 16:26:23.93959","17",0
18911,25020,49,"-1.00","2022-04-30 16:34:50.594203","17",0
19001,25126,49,"-1.00","2022-04-30 17:18:04.89307","17",0
19002,25126,47,"-1.00","2022-04-30 17:18:04.89307","17",0
19011,25135,49,"-1.00","2022-04-30 17:22:48.672121","17",0
19052,25189,92,"-1.00","2022-04-30 17:44:28.645212","17",0
19054,25190,49,"-1.00","2022-04-30 17:45:08.976552","17",0
19059,25194,76,"-1.00","2022-04-30 17:47:09.358665","17",0
19064,25196,76,"-1.00","2022-04-30 17:49:54.68625","17",0
19113,25242,76,"-1.00","2022-04-30 18:23:42.862263","17",0
19115,25244,48,"-1.00","2022-04-30 18:25:13.987612","17",0
19159,25281,49,"-1.00","2022-04-30 18:49:40.968206","17",0
19174,25294,92,"-1.00","2022-04-30 19:00:01.97727","17",0
19228,25358,48,"-1.00","2022-04-30 19:45:04.550054","17",0
19278,25436,76,"-1.00","2022-05-03 18:57:33.32195","18",0
19298,25463,49,"-1.00","2022-05-04 12:58:18.278","18",0
19456,25632,49,"-1.00","2022-05-04 16:33:31.300614","18",0
19524,25710,48,"-1.00","2022-05-04 17:15:44.821433","18",0
19547,25731,92,"-1.00","2022-05-04 17:26:13.131092","18",0
19586,25774,48,"-1.00","2022-05-04 17:52:31.051341","18",0
19587,25774,49,"-1.00","2022-05-04 17:52:31.051341","18",0
19624,25814,48,"-1.00","2022-05-04 18:19:40.048563","18",0
19639,25828,48,"-1.00","2022-05-04 18:25:37.225657","18",0
19702,25896,92,"-1.00","2022-05-04 19:05:45.200932","18",0
19703,25898,49,"-1.00","2022-05-04 19:06:11.310136","18",0
19716,25915,49,"-1.00","2022-05-04 19:14:20.966124","18",0
19728,25932,48,"-3.00","2022-05-04 19:24:05.395502","18",0
19737,25949,47,"-1.00","2022-05-04 19:43:04.025841","18",0
19785,26003,49,"-1.00","2022-05-06 16:54:15.805133","18",0
19795,26018,49,"-1.00","2022-05-08 14:33:35.896249","18",0
19797,26019,49,"-1.00","2022-05-08 15:18:45.640222","18",0
19801,26026,76,"-1.00","2022-05-08 17:41:11.035664","18",0
19850,26102,48,"-1.00","2022-05-10 11:52:55.194148","19",0
19856,26112,49,"-1.00","2022-05-10 12:19:42.123475","19",0
19883,26158,76,"-1.00","2022-05-12 12:12:19.263781","19",0
19892,26170,48,"-1.00","2022-05-12 17:10:22.006484","19",0
19931,26223,48,"-1.00","2022-05-17 11:46:14.210102","20",0
19941,26233,92,"-1.00","2022-05-17 14:06:16.98385","20",0
19942,26235,76,"-1.00","2022-05-17 14:19:14.951166","20",0
19967,26265,76,"-1.00","2022-05-18 14:22:00.955247","20",0
19978,26282,76,"-1.00","2022-05-19 10:46:43.316751","20",0
19981,26287,48,"-1.00","2022-05-19 13:26:18.284049","20",0
19999,26313,76,"-1.00","2022-05-23 14:49:11.625415","21",0
20024,26351,92,"-1.00","2022-05-24 15:24:27.58513","21",0
20027,26355,92,"-2.00","2022-05-24 19:53:21.449938","21",0
20041,26376,48,"-1.00","2022-05-26 08:24:27.445505","21",0
20050,26382,76,"-1.00","2022-05-26 10:13:36.504638","21",0
20051,26382,48,"-1.00","2022-05-26 10:13:36.504638","21",0
20063,26398,48,"-1.00","2022-05-26 13:56:57.602579","21",0
20192,26507,92,"-1.00","2022-05-26 17:14:25.727481","21",0
20233,26552,92,"-1.00","2022-05-26 18:11:42.903241","21",0
20266,26591,47,"-1.00","2022-05-26 19:14:24.047108","21",0
20613,27010,92,"-1.00","2022-05-27 18:36:49.236688","21",0
20614,27012,92,"-1.00","2022-05-27 18:37:36.394946","21",0
20616,27015,92,"-1.00","2022-05-27 18:38:53.793483","21",0
20621,27023,92,"-1.00","2022-05-27 18:50:50.80483","21",0
20624,27028,47,"-1.00","2022-05-27 18:53:46.194338","21",0
20655,27080,92,"-1.00","2022-05-27 19:32:29.860183","21",0
20712,27157,76,"-1.00","2022-05-31 13:29:02.157455","22",0
20720,27171,47,"-1.00","2022-05-31 17:05:33.869823","22",0
20742,27201,76,"-1.00","2022-06-01 11:46:40.726161","22",0
20943,27495,92,"-1.00","2022-06-10 13:34:09.715807","23",0
21016,27612,92,"-1.00","2022-06-10 14:51:54.335949","23",0
21087,27717,92,"-1.00","2022-06-10 15:37:21.97271","23",0
21291,27953,76,"-1.00","2022-06-10 17:40:33.475273","23",0
21318,27981,76,"-1.00","2022-06-10 17:56:35.01348","23",0
21353,28029,47,"-1.00","2022-06-10 18:21:04.179142","23",0
21524,28249,76,"-1.00","2022-06-14 07:33:26.673331","24",0
21533,28260,92,"-1.00","2022-06-14 16:41:11.873012","24",0
21538,28268,76,"-1.00","2022-06-16 07:32:44.558067","24",0
21554,28284,47,"-2.00","2022-06-17 18:28:14.705597","24",1
21567,28303,47,"-5.00","2022-06-21 14:44:47.242443","25",1
21648,28388,92,"-1.00","2022-06-24 14:30:56.051089","25",0
21652,28394,47,"-1.00","2022-06-24 16:36:24.847923","25",0
21661,28411,47,"-1.00","2022-06-24 17:50:29.025723","25",0
21723,28483,76,"-1.00","2022-06-29 14:53:53.888178","26",0
21905,28654,47,"-1.00","2022-06-29 17:45:47.606873","26",0
22016,28789,76,"-1.00","2022-06-29 19:43:11.100626","26",0
22120,28954,47,"-1.00","2022-07-08 19:38:43.827573","27",0
22121,28956,47,"-1.00","2022-07-08 19:45:24.062294","27",0
22152,28994,47,"-1.00","2022-07-21 18:28:09.680862","29",0
22210,29080,47,"-6.00","2022-08-30 13:48:48.474332","35",1
22212,29084,76,"-3.00","2022-08-30 17:43:15.258302","35",0
22325,29226,49,"-1.00","2022-09-13 18:07:16.566446","37",0
22360,29269,76,"-1.00","2022-09-14 17:53:49.103087","37",0
22568,29445,76,"-1.00","2022-09-15 16:41:08.001016","37",0
22580,29459,49,"-1.00","2022-09-15 16:59:20.030814","37",0
22605,29479,49,"-1.00","2022-09-15 17:28:16.008029","37",0
22606,29481,76,"-1.00","2022-09-15 17:28:50.779494","37",0
22614,29492,49,"-1.00","2022-09-15 17:53:09.850485","37",0
22616,29496,76,"-1.00","2022-09-15 18:01:17.675318","37",0
22620,29500,48,"-1.00","2022-09-15 18:05:32.620842","37",0
22634,29513,49,"-1.00","2022-09-15 18:15:06.512634","37",0
22635,29513,76,"-1.00","2022-09-15 18:15:06.512634","37",0
22645,29527,49,"-1.00","2022-09-15 18:48:44.083742","37",0
22648,29532,92,"-1.00","2022-09-15 18:56:31.432595","37",0
22679,29559,48,"-1.00","2022-09-15 19:52:14.404074","37",0
22680,29561,48,"-2.00","2022-09-15 19:53:14.531661","37",0
22864,29760,48,"-1.00","2022-09-16 13:54:10.603505","37",0
22865,29760,49,"-1.00","2022-09-16 13:54:10.603505","37",0
22870,29769,49,"-1.00","2022-09-16 14:28:57.108434","37",0
22877,29777,92,"-1.00","2022-09-16 14:46:42.982373","37",0
23104,30084,49,"-1.00","2022-09-16 19:23:48.579179","37",0
23121,30110,48,"-1.00","2022-09-17 13:14:29.411536","37",0
23152,30139,49,"-1.00","2022-09-17 15:17:18.127753","37",0
23157,30145,76,"-1.00","2022-09-17 15:20:49.042118","37",0
23159,30147,47,"-1.00","2022-09-17 15:21:40.873237","37",0
23162,30151,92,"-1.00","2022-09-17 15:22:38.700708","37",0
23205,30185,49,"-1.00","2022-09-17 15:48:00.220586","37",0
23210,30189,92,"-1.00","2022-09-17 15:50:44.525225","37",0
23216,30195,49,"-1.00","2022-09-17 15:56:54.605668","37",0
23229,30213,92,"-1.00","2022-09-17 16:14:29.464942","37",0
23237,30220,92,"-1.00","2022-09-17 16:19:11.4586","37",0
23269,30260,92,"-1.00","2022-09-17 17:08:31.309417","37",0
23381,30359,92,"-1.00","2022-09-17 19:56:27.434592","37",0
23480,30473,49,"-1.00","2022-09-18 15:34:38.365207","37",0
23481,30473,76,"-1.00","2022-09-18 15:34:38.365207","37",0
23500,30501,49,"-1.00","2022-09-19 13:57:36.004911","38",0
23505,30512,76,"-1.00","2022-09-19 14:11:40.6966","38",0
23561,30567,76,"-1.00","2022-09-20 09:04:45.751656","38",0
23580,30588,49,"-1.00","2022-09-20 11:52:44.953378","38",0
23679,30697,76,"-1.00","2022-09-21 15:39:21.251192","38",0
23989,31046,92,"-1.00","2022-09-22 16:14:24.66391","38",0
24068,31126,49,"-1.00","2022-09-22 16:57:21.840577","38",0
24121,31205,49,"-1.00","2022-09-22 17:46:24.539821","38",0
24125,31211,49,"-1.00","2022-09-22 17:50:47.691254","38",0
24141,31237,76,"-1.00","2022-09-22 18:03:53.154772","38",0
24151,31253,92,"-1.00","2022-09-22 18:10:18.114087","38",0
24187,31303,48,"-1.00","2022-09-22 18:32:05.011024","38",0
24205,31332,76,"-1.00","2022-09-22 18:55:27.385575","38",0
24223,31363,49,"-1.00","2022-09-22 19:21:45.350233","38",0
24248,31399,76,"-1.00","2022-09-23 11:47:09.78866","38",0
24249,31401,49,"-1.00","2022-09-23 11:47:54.05673","38",0
24312,31458,92,"-1.00","2022-09-26 14:53:51.576835","39",0
24338,31482,92,"-1.00","2022-09-26 18:51:09.000278","39",1
24340,31484,92,"-1.00","2022-09-26 19:07:20.056693","39",0
24341,31484,48,"-1.00","2022-09-26 19:07:20.056693","39",0
24394,31533,76,"-1.00","2022-09-27 18:11:20.033667","39",0
24720,31887,47,"-1.00","2022-09-28 17:33:48.360614","39",0
24818,31998,49,"-1.00","2022-09-28 18:31:59.383766","39",0
24833,32015,92,"-1.00","2022-09-28 18:49:52.10451","39",0
24851,32043,92,"-1.00","2022-09-28 19:07:13.4795","39",0
24903,32132,49,"-1.00","2022-09-29 16:12:58.762899","39",0
24904,32132,76,"-1.00","2022-09-29 16:12:58.762899","39",0
24913,32144,76,"-1.00","2022-09-30 06:59:00.16402","39",0
25001,32232,76,"-1.00","2022-10-03 13:40:32.240944","40",0
25029,32261,49,"-1.00","2022-10-03 14:08:38.254407","40",0
25464,32692,49,"-1.00","2022-10-03 18:13:17.156852","40",0
25541,32797,49,"-1.00","2022-10-03 19:07:46.289797","40",0
25549,32811,49,"-1.00","2022-10-03 19:15:44.341609","40",0
25551,32813,49,"-1.00","2022-10-03 19:17:11.256828","40",0
25564,32829,49,"-1.00","2022-10-03 19:22:13.522264","40",0
25574,32848,49,"-1.00","2022-10-03 19:28:02.813997","40",0
25581,32860,49,"-1.00","2022-10-03 19:35:16.726598","40",0
25584,32864,49,"-1.00","2022-10-03 19:37:11.181837","40",0
25590,32869,49,"-1.00","2022-10-04 08:37:12.744088","40",0
25594,32875,76,"-1.00","2022-10-04 11:41:42.109106","40",0
25601,32883,49,"-1.00","2022-10-04 16:24:04.354793","40",0
25623,32910,76,"-1.00","2022-10-05 11:27:14.991719","40",0
25717,33016,48,"-1.00","2022-10-05 15:24:16.950285","40",0
25862,33141,92,"-1.00","2022-10-05 16:27:32.36104","40",0
25884,33161,48,"-1.00","2022-10-05 16:36:59.561651","40",0
25979,33252,92,"-1.00","2022-10-05 17:16:04.958244","40",0
26000,33277,76,"-1.00","2022-10-05 17:27:04.775061","40",0
26002,33280,47,"-1.00","2022-10-05 17:29:50.748553","40",1
26045,33326,92,"-1.00","2022-10-05 17:54:57.728537","40",0
26087,33368,49,"-1.00","2022-10-05 18:18:41.424721","40",0
26098,33377,48,"-1.00","2022-10-05 18:22:37.331567","40",0
26116,33393,49,"-1.00","2022-10-05 18:34:53.246989","40",0
26124,33401,49,"-1.00","2022-10-05 18:37:23.418492","40",0
26131,33410,48,"-1.00","2022-10-05 18:40:03.853623","40",0
26145,33424,49,"-1.00","2022-10-05 18:46:50.046153","40",0
26188,33469,47,"-1.00","2022-10-05 19:07:14.15422","40",0
26217,33496,92,"-1.00","2022-10-05 19:23:34.271005","40",0
26223,33504,49,"-1.00","2022-10-05 19:26:51.527088","40",0
26236,33518,48,"-1.00","2022-10-05 19:31:26.328072","40",0
26304,33585,49,"-1.00","2022-10-06 15:46:32.818282","40",0
26336,33618,49,"-1.00","2022-10-07 13:11:13.596666","40",0
26338,33622,49,"-1.00","2022-10-07 13:13:54.056316","40",0
26340,33624,76,"-1.00","2022-10-07 13:17:25.307671","40",0
26343,33626,49,"-1.00","2022-10-07 13:20:42.844702","40",0
26345,33629,49,"-1.00","2022-10-07 13:43:38.685523","40",0
26346,33631,49,"-1.00","2022-10-07 13:55:54.643897","40",0
26348,33635,49,"-1.00","2022-10-07 13:57:28.392835","40",0
26359,33655,47,"-1.00","2022-10-07 14:10:04.352477","40",0
26360,33657,49,"-1.00","2022-10-07 14:27:56.760226","40",0
26375,33680,49,"-1.00","2022-10-07 15:27:17.155519","40",0
26393,33704,48,"-1.00","2022-10-07 15:39:32.881553","40",0
26435,33754,49,"-1.00","2022-10-07 16:02:09.807562","40",0
26501,33833,49,"-1.00","2022-10-07 17:16:51.654538","40",0
26627,34024,76,"-1.00","2022-10-07 22:07:02.491405","40",0
26684,34088,92,"-1.00","2022-10-08 13:22:14.003786","40",0
26689,34098,49,"-1.00","2022-10-08 13:50:29.688306","40",0
26695,34102,49,"-1.00","2022-10-08 13:57:47.131731","40",0
26698,34105,49,"-1.00","2022-10-08 14:12:29.251154","40",0
26703,34112,49,"-1.00","2022-10-08 14:20:44.336044","40",0
26705,34114,49,"-1.00","2022-10-08 14:23:08.240557","40",0
26748,34180,92,"-1.00","2022-10-08 17:55:45.553544","40",0
26762,34201,76,"-1.00","2022-10-09 07:42:47.226474","40",0
26770,34211,92,"-1.00","2022-10-09 09:07:20.35727","40",0
26771,34213,49,"-1.00","2022-10-09 09:21:54.73766","40",0
26775,34217,49,"-1.00","2022-10-09 09:26:04.080226","40",0
26790,34243,49,"-1.00","2022-10-09 12:40:23.923762","40",0
26802,34254,49,"-1.00","2022-10-09 13:39:35.98946","40",0
26816,34272,92,"-1.00","2022-10-09 14:42:49.298758","40",0
26821,34279,49,"-1.00","2022-10-09 15:18:47.539537","40",0
26830,34288,92,"-1.00","2022-10-09 16:53:07.910813","40",0
27124,34574,49,"-1.00","2022-10-10 16:45:18.131359","41",0
27183,34636,47,"-1.00","2022-10-10 17:22:21.783397","41",0
27212,34672,48,"-1.00","2022-10-10 17:39:47.926561","41",0
27226,34692,49,"-1.00","2022-10-10 17:54:13.531482","41",0
27239,34708,49,"-1.00","2022-10-10 18:10:02.552963","41",0
27295,34801,49,"-1.00","2022-10-10 19:17:17.982268","41",0
27318,34840,48,"-1.00","2022-10-11 08:59:58.831091","41",0
27324,34847,49,"-1.00","2022-10-11 10:35:09.37217","41",0
27334,34863,76,"-1.00","2022-10-11 17:42:59.799554","41",0
27555,35068,48,"-1.00","2022-10-12 15:44:44.529825","41",0
27657,35145,49,"-1.00","2022-10-12 16:28:29.008183","41",0
27697,35208,49,"-1.00","2022-10-12 17:01:20.067881","41",0
27710,35226,49,"-1.00","2022-10-12 17:10:26.809325","41",0
27725,35252,49,"-1.00","2022-10-12 17:20:41.540841","41",0
27733,35264,49,"-1.00","2022-10-12 17:26:57.74976","41",0
27736,35267,48,"-1.00","2022-10-12 17:29:43.308772","41",0
27740,35275,49,"-2.00","2022-10-12 17:33:04.903802","41",0
27743,35281,48,"-1.00","2022-10-12 17:36:39.351399","41",0
27749,35289,92,"-1.00","2022-10-12 17:40:03.411286","41",0
27753,35293,92,"-1.00","2022-10-12 17:41:52.287637","41",0
27760,35305,49,"-1.00","2022-10-12 17:45:42.095951","41",0
27764,35309,49,"-1.00","2022-10-12 17:46:37.749753","41",0
27783,35341,49,"-1.00","2022-10-12 18:04:00.659793","41",0
27828,35414,49,"-1.00","2022-10-12 18:39:15.524175","41",0
27831,35416,48,"-1.00","2022-10-12 18:40:25.764956","41",0
27853,35447,49,"-1.00","2022-10-12 18:52:22.591997","41",0
27859,35451,48,"-1.00","2022-10-12 18:55:03.040787","41",0
27910,35533,49,"-1.00","2022-10-13 08:25:47.195473","41",0
27966,35609,49,"-1.00","2022-10-14 13:19:10.85594","41",0
27970,35615,49,"-1.00","2022-10-14 13:33:53.983239","41",0
27971,35617,49,"-1.00","2022-10-14 13:37:27.701279","41",0
27979,35628,49,"-1.00","2022-10-14 14:51:38.097883","41",0
27985,35637,49,"-1.00","2022-10-14 14:55:55.712682","41",0
28006,35670,47,"-1.00","2022-10-14 17:24:03.287821","41",0
28007,35670,48,"-1.00","2022-10-14 17:24:03.287821","41",0
28015,35685,47,"-1.00","2022-10-14 18:06:09.780524","41",1
28040,35732,47,"-1.00","2022-10-15 11:30:59.458898","41",0
28047,35742,49,"-1.00","2022-10-15 11:43:12.784648","41",0
28055,35757,48,"-1.00","2022-10-15 12:22:25.993527","41",0
28070,35785,49,"-1.00","2022-10-15 14:54:35.686656","41",0
28082,35806,49,"-1.00","2022-10-15 16:07:53.473085","41",0
28091,35821,49,"-1.00","2022-10-15 16:29:54.22525","41",0
28164,35921,49,"-1.00","2022-10-16 14:08:29.497347","41",0
28170,35932,49,"-1.00","2022-10-16 15:14:18.188509","41",0
28176,35939,49,"-1.00","2022-10-16 15:36:25.560759","41",0
28182,35949,49,"-1.00","2022-10-16 16:35:05.540532","41",0
28652,36434,49,"-1.00","2022-10-17 19:33:35.461621","42",0
28654,36436,49,"-1.00","2022-10-17 19:35:24.048498","42",0
28677,36462,48,"-1.00","2022-10-18 07:52:08.583308","42",0
28694,36486,49,"-1.00","2022-10-18 14:26:35.117422","42",0
28714,36504,49,"-1.00","2022-10-18 20:41:06.603683","42",0
28819,36608,49,"-1.00","2022-10-19 14:18:19.750116","42",0
28963,36751,49,"-1.00","2022-10-19 15:42:34.848087","42",0
28998,36782,49,"-1.00","2022-10-19 16:02:26.881455","42",0
29032,36817,48,"-1.00","2022-10-19 16:17:43.073733","42",0
29040,36820,48,"-1.00","2022-10-19 16:19:02.077885","42",0
29042,36822,48,"-1.00","2022-10-19 16:19:59.264611","42",0
29082,36874,76,"-1.00","2022-10-19 16:49:06.298358","42",0
29086,36879,48,"-1.00","2022-10-19 16:51:37.327496","42",0
29261,37094,49,"-1.00","2022-10-19 18:30:34.929674","42",0
29303,37143,48,"-1.00","2022-10-19 19:00:58.969267","42",0
29337,37170,92,"-1.00","2022-10-19 19:25:37.640991","42",0
29365,37194,76,"-1.00","2022-10-19 19:41:38.811247","42",0
29457,37295,76,"-1.00","2022-10-20 18:53:18.786041","42",0
29460,37299,48,"-1.00","2022-10-21 09:55:14.973208","42",0
29498,37347,48,"-1.00","2022-10-24 07:59:44.932646","43",0
29509,37368,47,"-1.00","2022-10-24 11:10:19.801158","43",0
29655,37508,49,"-1.00","2022-10-24 15:20:14.222046","43",0
29773,37621,49,"-1.00","2022-10-24 16:24:11.206204","43",0
29976,37836,76,"-1.00","2022-10-24 18:45:08.960991","43",0
30009,37892,49,"-1.00","2022-10-24 19:20:53.305998","43",0
30031,37925,49,"-1.00","2022-10-25 12:02:41.716471","43",0
30047,37944,48,"-1.00","2022-10-25 18:01:13.846957","43",0
30068,37969,49,"-1.00","2022-10-26 12:27:25.652193","43",0
30076,37982,49,"-1.00","2022-10-26 13:01:03.787857","43",0
30331,38208,76,"-1.00","2022-10-26 15:48:17.246199","43",0
30432,38331,76,"-1.00","2022-10-26 16:57:05.434063","43",0
30433,38331,48,"-1.00","2022-10-26 16:57:05.434063","43",0
30471,38388,92,"-1.00","2022-10-26 17:26:24.032651","43",0
30503,38417,49,"-1.00","2022-10-26 17:44:51.738518","43",0
30573,38487,76,"-1.00","2022-10-26 18:29:17.983699","43",0
30591,38509,92,"-1.00","2022-10-26 18:39:10.144489","43",0
30603,38525,92,"-1.00","2022-10-26 18:48:44.494812","43",0
30638,38575,48,"-1.00","2022-10-26 19:18:28.404245","43",0
30650,38595,47,"-1.00","2022-10-26 19:36:54.434675","43",0
30666,38611,48,"-1.00","2022-10-27 08:50:43.174908","43",0
30681,38631,48,"-1.00","2022-10-27 13:52:26.180708","43",0
30740,38694,47,"-1.00","2022-10-29 08:20:52.773181","43",0
30898,38848,49,"-1.00","2022-10-31 15:34:09.595177","44",0
31203,39139,49,"-1.00","2022-10-31 18:07:09.426841","44",0
31257,39193,48,"-1.00","2022-10-31 18:41:33.22842","44",0
31264,39203,49,"-1.00","2022-10-31 18:45:52.664767","44",0
31415,39358,92,"-1.00","2022-10-31 20:01:15.628317","44",0
31420,39364,47,"-1.00","2022-10-31 20:06:21.440897","44",0
31422,39368,48,"-2.00","2022-10-31 20:07:33.946419","44",0
31445,39404,48,"-1.00","2022-10-31 20:30:20.382152","44",0
31446,39404,92,"-1.00","2022-10-31 20:30:20.382152","44",0
31448,39409,49,"-2.00","2022-10-31 20:32:25.658262","44",0
31479,39457,49,"-1.00","2022-11-01 18:45:21.848626","44",0
31656,39610,48,"-1.00","2022-11-02 16:18:42.756254","44",0
31657,39610,47,"-1.00","2022-11-02 16:18:42.756254","44",0
31717,39678,48,"-1.00","2022-11-02 17:00:21.934743","44",0
31718,39678,92,"-1.00","2022-11-02 17:00:21.934743","44",0
31845,39827,49,"-1.00","2022-11-02 18:06:41.256971","44",0
31956,39945,76,"-1.00","2022-11-02 19:01:42.313912","44",0
32018,40041,48,"-1.00","2022-11-03 13:47:03.717346","44",0
32074,40116,48,"-1.00","2022-11-04 08:03:00.141733","44",0
32088,40127,49,"-1.00","2022-11-04 09:47:07.83551","44",0
32093,40135,49,"-1.00","2022-11-04 10:43:08.917043","44",0
32118,40158,49,"-1.00","2022-11-04 19:02:20.366146","44",1
32582,40683,49,"-2.00","2022-11-08 09:42:07.407256","45",0
32618,40731,76,"-1.00","2022-11-08 14:56:52.992479","45",0
32656,40766,92,"-1.00","2022-11-08 17:31:47.144676","45",0
32657,40766,76,"-1.00","2022-11-08 17:31:47.144676","45",0
32713,40829,48,"-1.00","2022-11-09 14:17:33.584117","45",0
32764,40912,76,"-1.00","2022-11-09 15:36:14.11915","45",0
32781,40943,92,"-1.00","2022-11-09 15:58:05.285651","45",0
32788,40954,76,"-1.00","2022-11-09 16:01:47.777451","45",0
32796,40964,92,"-1.00","2022-11-09 16:09:38.610163","45",0
32812,40990,47,"-1.00","2022-11-09 16:18:55.976449","45",0
32813,40990,92,"-2.00","2022-11-09 16:18:55.976449","45",0
32814,40990,76,"-1.00","2022-11-09 16:18:55.976449","45",0
32821,40999,47,"-1.00","2022-11-09 16:22:30.366655","45",0
32833,41021,92,"-1.00","2022-11-09 16:37:49.212996","45",0
32853,41056,92,"-1.00","2022-11-09 16:54:57.274312","45",0
32945,41185,48,"-1.00","2022-11-09 17:50:16.482839","45",0
32965,41205,48,"-1.00","2022-11-09 18:02:45.589197","45",0
32969,41209,76,"-1.00","2022-11-09 18:06:46.017366","45",0
33020,41289,92,"-1.00","2022-11-09 18:44:22.981883","45",0
33032,41309,49,"-1.00","2022-11-09 18:53:50.711874","45",0
33036,41313,92,"-1.00","2022-11-09 18:55:19.410317","45",0
33078,41373,92,"-1.00","2022-11-09 19:24:55.742154","45",0
33106,41413,49,"-1.00","2022-11-09 19:44:44.682517","45",0
33116,41426,92,"-1.00","2022-11-09 19:52:06.633562","45",0
33125,41440,92,"-1.00","2022-11-09 19:59:19.246868","45",0
33135,41455,49,"-1.00","2022-11-09 20:06:51.443342","45",0
33143,41465,48,"-1.00","2022-11-09 20:11:42.352443","45",0
33147,41471,92,"-1.00","2022-11-09 20:14:42.056366","45",0
33174,41505,49,"-2.00","2022-11-09 20:36:25.354015","45",0
33223,41560,49,"-1.00","2022-11-10 18:15:36.02492","45",0
33224,41562,49,"-1.00","2022-11-10 18:39:27.486837","45",0
33235,41577,49,"-1.00","2022-11-10 21:12:16.207849","45",0
33285,41633,49,"-1.00","2022-11-13 15:39:17.057248","45",0
33303,41656,76,"-1.00","2022-11-14 12:46:03.977977","46",0
33323,41681,49,"-1.00","2022-11-14 15:11:13.903608","46",0
33402,41788,92,"-1.00","2022-11-14 17:05:06.062041","46",0
33403,41788,49,"-2.00","2022-11-14 17:05:06.062041","46",0
33424,41826,47,"-1.00","2022-11-14 17:40:30.76621","46",0
33426,41830,92,"-1.00","2022-11-14 17:41:14.777791","46",0
33435,41840,92,"-1.00","2022-11-14 17:50:06.465062","46",0
33436,41842,92,"-1.00","2022-11-14 17:50:46.407936","46",0
33497,41935,49,"-1.00","2022-11-14 19:17:36.561876","46",0
33505,41947,76,"-1.00","2022-11-14 19:24:56.388825","46",0
33523,41978,49,"-2.00","2022-11-14 19:45:02.116759","46",0
33575,42064,49,"-1.00","2022-11-14 20:42:58.027984","46",0
33643,42142,49,"-1.00","2022-11-15 17:08:20.421271","46",0
33744,42267,49,"-1.00","2022-11-16 15:57:20.403887","46",0
33749,42273,49,"-1.00","2022-11-16 15:59:03.476541","46",0
33779,42314,76,"-1.00","2022-11-16 16:22:42.558133","46",0
33793,42339,76,"-1.00","2022-11-16 16:33:31.950792","46",0
33836,42409,48,"-1.00","2022-11-16 17:09:13.591782","46",0
33840,42414,49,"-1.00","2022-11-16 17:13:07.231013","46",0
33859,42443,76,"-1.00","2022-11-16 17:33:42.431838","46",0
33865,42455,92,"-1.00","2022-11-16 17:37:16.79548","46",0
33874,42468,47,"-1.00","2022-11-16 17:43:25.710773","46",0
33912,42538,92,"-2.00","2022-11-16 18:14:41.232116","46",0
33944,42583,92,"-1.00","2022-11-16 18:36:18.646761","46",0
34011,42669,76,"-2.00","2022-11-16 19:27:20.033214","46",0
34064,42745,92,"-2.00","2022-11-16 20:07:35.566743","46",0
34067,42749,92,"-1.00","2022-11-16 20:08:47.348491","46",0
34105,42811,76,"-1.00","2022-11-17 16:41:00.898246","46",0
34106,42812,92,"-1.00","2022-11-17 19:10:34.099264","46",0
34107,42814,92,"-1.00","2022-11-17 20:11:02.530403","46",0
34112,42821,76,"-1.00","2022-11-18 13:19:20.078346","46",0
34122,42835,76,"-1.00","2022-11-21 09:56:34.389314","47",0
34323,43020,47,"-1.00","2022-11-21 16:32:43.899618","47",0
34531,43223,49,"-1.00","2022-11-21 18:55:06.871127","47",0
34550,43255,49,"-1.00","2022-11-21 19:11:59.485366","47",0
34569,43288,49,"-1.00","2022-11-21 19:32:35.383002","47",0
34589,43321,49,"-1.00","2022-11-21 20:05:38.818274","47",0
34605,43347,49,"-1.00","2022-11-21 20:23:03.942552","47",0
34648,43409,49,"-1.00","2022-11-22 15:49:14.157526","47",0
34671,43447,76,"-1.00","2022-11-22 17:18:38.025402","47",0
34704,43490,49,"-1.00","2022-11-23 14:51:34.615386","47",0
34732,43543,49,"-1.00","2022-11-23 15:27:17.419812","47",0
34802,43660,76,"-1.00","2022-11-23 16:52:58.469124","47",0
34811,43676,92,"-1.00","2022-11-23 17:01:48.158544","47",0
34820,43690,92,"-2.00","2022-11-23 17:08:12.168044","47",0
34868,43771,49,"-1.00","2022-11-23 17:53:43.583975","47",0
34880,43789,49,"-1.00","2022-11-23 18:04:33.022864","47",0
34887,43799,76,"-1.00","2022-11-23 18:10:20.765036","47",0
34915,43850,76,"-1.00","2022-11-23 18:36:31.526975","47",0
34917,43852,76,"-1.00","2022-11-23 18:37:06.496855","47",0
34947,43904,49,"-2.00","2022-11-23 19:07:21.109098","47",0
35007,44002,76,"-1.00","2022-11-23 20:35:26.047975","47",0
35043,44044,49,"-1.00","2022-11-24 16:04:21.386758","47",0
35045,44046,49,"-1.00","2022-11-24 16:17:47.806302","47",0
35055,44054,49,"-1.00","2022-11-24 17:40:54.866099","47",0
35094,44129,76,"-1.00","2022-11-24 19:23:03.012684","47",0
35120,44175,49,"-1.00","2022-11-24 20:19:55.54863","47",0
35163,44236,49,"-1.00","2022-11-28 13:40:27.692112","48",0
35186,44262,76,"-1.00","2022-11-28 15:02:06.046615","48",0
35201,44289,49,"-1.00","2022-11-28 15:27:00.659998","48",0
35205,44295,92,"-1.00","2022-11-28 15:46:06.679861","48",0
35219,44319,92,"-1.00","2022-11-28 16:07:07.642531","48",0
35229,44338,92,"-1.00","2022-11-28 16:30:07.995514","48",0
35230,44340,47,"-1.00","2022-11-28 16:33:03.413326","48",0
35253,44377,49,"-1.00","2022-11-28 16:59:51.337398","48",0
35261,44387,49,"-1.00","2022-11-28 17:10:07.105797","48",0
35265,44395,92,"-1.00","2022-11-28 17:16:18.023972","48",0
35284,44424,49,"-1.00","2022-11-28 17:37:10.349542","48",0
35286,44426,49,"-1.00","2022-11-28 17:37:37.873982","48",0
35313,44469,76,"-1.00","2022-11-28 18:19:15.951638","48",0
35348,44528,76,"-1.00","2022-11-28 19:36:12.310514","48",0
35350,44532,92,"-1.00","2022-11-28 19:43:39.739524","48",0
35378,44570,76,"-1.00","2022-11-29 15:30:14.336284","48",0
35389,44584,49,"-1.00","2022-11-30 12:17:51.381995","48",1
35438,44662,92,"-1.00","2022-11-30 15:31:03.074702","48",0
35453,44683,76,"-1.00","2022-11-30 15:50:02.782156","48",0
35456,44687,49,"-1.00","2022-11-30 15:50:52.721464","48",0
35501,44754,92,"-1.00","2022-11-30 16:29:51.754326","48",0
35573,44858,49,"-1.00","2022-11-30 17:51:14.083675","48",0
35592,44889,49,"-1.00","2022-11-30 18:18:53.511309","48",0
35667,45007,47,"-1.00","2022-11-30 19:41:22.414115","48",0
35672,45013,76,"-1.00","2022-11-30 19:49:06.897589","48",0
35745,45123,76,"-1.00","2022-12-01 19:06:26.345558","48",0
35794,45183,49,"-1.00","2022-12-05 12:32:33.96254","49",0
35797,45188,49,"-1.00","2022-12-05 13:12:01.495199","49",0
35895,45279,49,"-1.00","2022-12-05 16:03:34.911335","49",0
36034,45391,49,"-1.00","2022-12-05 17:29:31.630058","49",0
36141,45527,49,"-1.00","2022-12-05 19:02:11.92858","49",0
36177,45585,92,"-1.00","2022-12-05 19:30:42.247507","49",0
36185,45602,76,"-1.00","2022-12-05 19:43:36.798284","49",0
36186,45602,49,"-1.00","2022-12-05 19:43:36.798284","49",0
36223,45664,92,"-1.00","2022-12-05 20:52:13.299209","49",0
36239,45681,49,"-1.00","2022-12-06 12:14:13.371699","49",0
36248,45689,49,"-1.00","2022-12-06 15:11:54.962105","49",0
36343,45794,49,"-1.00","2022-12-07 15:24:55.78127","49",0
36439,45870,49,"-1.00","2022-12-07 16:15:58.137327","49",0
36516,45965,49,"-1.00","2022-12-07 17:13:33.148223","49",0
36672,46141,92,"-1.00","2022-12-07 19:00:45.340546","49",0
36689,46171,92,"-1.00","2022-12-07 19:22:58.156932","49",0
36697,46187,92,"-1.00","2022-12-07 19:30:08.714559","49",0
36701,46193,92,"-1.00","2022-12-07 19:33:03.644803","49",0
36733,46253,92,"-2.00","2022-12-07 20:05:21.861215","49",0
36742,46268,92,"-1.00","2022-12-07 20:18:40.269621","49",0
36759,46289,92,"-1.00","2022-12-07 20:34:58.070021","49",0
36767,46299,92,"-1.00","2022-12-07 20:39:01.855964","49",0
36790,46327,76,"-1.00","2022-12-08 13:39:09.920496","49",0
36808,46350,49,"-1.00","2022-12-12 08:31:25.829042","50",0
36826,46377,49,"-1.00","2022-12-12 14:43:41.999534","50",0
37108,46646,49,"-1.00","2022-12-12 18:01:25.762416","50",0
37201,46760,49,"-1.00","2022-12-12 19:08:25.862695","50",0
37267,46848,49,"-1.00","2022-12-12 19:57:40.316227","50",0
37321,46925,49,"-1.00","2022-12-13 12:59:35.841167","50",0
37327,46936,76,"-1.00","2022-12-13 14:32:53.532893","50",0
37478,47107,49,"-1.00","2022-12-15 14:59:46.411906","50",0
37487,47116,49,"-1.00","2022-12-15 15:07:46.479649","50",0
37507,47149,92,"-1.00","2022-12-15 17:15:06.026226","50",0
37510,47153,49,"-1.00","2022-12-15 17:18:48.378767","50",0
37511,47153,92,"-1.00","2022-12-15 17:18:48.378767","50",0
37643,47307,49,"-1.00","2022-12-19 22:40:56.028255","51",0
37658,47324,92,"-1.00","2022-12-26 12:43:01.954436","52",0
37670,47330,49,"-1.00","2022-12-28 15:29:35.707129","52",0
37723,47406,76,"-1.00","2023-01-03 17:43:45.658087","1",0
37728,47410,76,"-1.00","2023-01-03 17:53:31.740652","1",0
37737,47420,92,"-1.00","2023-01-03 19:37:56.395729","1",0
37752,47441,49,"-1.00","2023-01-04 13:45:50.880136","1",0
37753,47443,92,"-1.00","2023-01-04 14:05:01.911213","1",0
37766,47464,48,"-1.00","2023-01-04 17:43:25.53447","1",0
37771,47470,47,"-1.00","2023-01-04 19:51:03.038842","1",0
37797,47501,76,"-1.00","2023-01-05 16:14:58.203204","1",0
37801,47508,47,"-1.00","2023-01-05 17:11:29.75972","1",0
37836,47546,49,"-1.00","2023-01-06 13:59:13.681997","1",0
37843,47556,49,"-1.00","2023-01-06 14:37:24.039007","1",0
37857,47572,76,"-1.00","2023-01-06 15:18:00.76106","1",0
37867,47582,76,"-1.00","2023-01-06 15:29:46.980099","1",0
37894,47609,48,"-1.00","2023-01-06 17:51:30.983712","1",0
37990,47698,76,"-1.00","2023-01-09 17:32:01.017385","2",0
37991,47699,49,"-1.00","2023-01-09 17:33:56.756535","2",0
38000,47707,48,"-1.00","2023-01-09 18:14:41.313889","2",0
38006,47718,48,"-1.00","2023-01-09 19:01:17.067584","2",0
38007,47718,92,"-1.00","2023-01-09 19:01:17.067584","2",0
38008,47720,48,"-1.00","2023-01-09 19:15:27.497057","2",0
38013,47725,76,"-1.00","2023-01-09 19:50:39.715066","2",0
38023,47735,48,"-1.00","2023-01-10 13:12:13.751383","2",0
38025,47735,92,"-1.00","2023-01-10 13:12:13.751383","2",0
38060,47775,49,"-1.00","2023-01-10 20:36:21.289463","2",0
38114,47859,92,"-1.00","2023-01-11 14:57:20.546514","2",0
38117,47864,49,"-1.00","2023-01-11 15:05:27.309205","2",0
38120,47868,48,"-1.00","2023-01-11 15:09:44.286153","2",0
38137,47892,49,"-1.00","2023-01-11 16:33:01.506185","2",0
38138,47893,49,"-1.00","2023-01-11 16:33:22.38012","2",0
38145,47905,92,"-1.00","2023-01-11 16:45:38.640133","2",0
38146,47907,49,"-1.00","2023-01-11 16:46:35.789123","2",0
38170,47943,48,"-1.00","2023-01-11 18:03:54.119453","2",0
38171,47944,49,"-1.00","2023-01-11 18:06:37.426117","2",0
38172,47946,48,"-1.00","2023-01-11 18:07:02.132339","2",0
38201,47986,49,"-1.00","2023-01-12 18:07:59.752963","2",0
38208,47996,48,"-1.00","2023-01-12 20:30:12.414495","2",0
38226,48018,49,"-1.00","2023-01-13 11:30:50.179397","2",0
38235,48033,48,"-1.00","2023-01-13 13:01:30.468221","2",0
38321,48141,48,"-1.00","2023-01-16 16:35:44.401908","3",0
38333,48156,49,"-1.00","2023-01-16 20:03:04.832162","3",0
38365,48187,48,"-1.00","2023-01-17 17:58:44.239902","3",0
38372,48196,49,"-1.00","2023-01-18 13:47:02.397295","3",0
38375,48199,48,"-1.00","2023-01-18 15:18:00.442577","3",0
38389,48220,49,"-1.00","2023-01-19 16:22:26.049526","3",0
38429,48260,48,"-1.00","2023-01-20 16:44:25.384626","3",1
38430,48262,48,"-1.00","2023-01-20 17:44:17.231069","3",0
38436,48268,49,"-1.00","2023-01-21 21:57:02.540139","3",0
38494,48352,49,"-1.00","2023-01-23 15:40:36.457661","4",0
38504,48361,92,"-1.00","2023-01-23 16:40:31.498559","4",0
38511,48373,48,"-1.00","2023-01-23 17:28:27.615459","4",0
38515,48376,92,"-1.00","2023-01-23 17:36:22.227824","4",0
38534,48401,48,"-1.00","2023-01-24 12:54:55.431563","4",0
38535,48402,49,"-1.00","2023-01-24 13:07:03.085959","4",0
38545,48415,49,"-1.00","2023-01-24 14:59:23.027828","4",0
38548,48418,92,"-1.00","2023-01-24 15:29:46.192058","4",0
38561,48431,92,"-1.00","2023-01-24 16:56:55.891876","4",0
38746,48635,48,"-1.00","2023-01-25 15:43:39.548237","4",0
38802,48688,92,"-1.00","2023-01-25 16:13:24.627002","4",0
38803,48688,49,"-1.00","2023-01-25 16:13:24.627002","4",0
38888,48776,49,"-1.00","2023-01-25 17:00:26.05905","4",0
38890,48778,92,"-1.00","2023-01-25 17:01:31.403125","4",0
39152,49071,49,"-1.00","2023-01-25 19:20:53.760766","4",0
39179,49102,47,"-1.00","2023-01-25 19:34:49.563789","4",0
39186,49109,48,"-1.00","2023-01-25 19:38:16.550424","4",0
39268,49218,48,"-1.00","2023-01-25 20:32:19.070134","4",0
39296,49259,92,"-1.00","2023-01-26 14:06:07.916364","4",0
39299,49264,49,"-1.00","2023-01-26 14:37:30.758956","4",0
39305,49273,48,"-1.00","2023-01-26 15:10:36.151658","4",0
39311,49282,49,"-1.00","2023-01-26 16:19:04.892144","4",0
39313,49285,47,"-1.00","2023-01-26 16:46:53.042568","4",0
39316,49292,92,"-1.00","2023-01-26 17:59:08.918454","4",0
39350,49340,47,"-1.00","2023-01-27 11:08:32.787531","4",0
39386,49379,49,"-1.00","2023-01-29 18:01:58.014023","4",0
39408,49397,49,"-1.00","2023-01-30 14:02:57.479916","5",0
39415,49407,49,"-1.00","2023-01-31 13:38:15.906361","5",0
39440,49436,48,"-1.00","2023-01-31 19:25:48.832162","5",0
39454,49453,48,"-1.00","2023-02-01 14:32:54.431449","5",0
39455,49453,49,"-1.00","2023-02-01 14:32:54.431449","5",0
39474,49476,49,"-1.00","2023-02-01 18:32:36.819292","5",0
39498,49500,49,"-1.00","2023-02-02 13:15:20.918207","5",0
39500,49503,47,"-1.00","2023-02-02 13:49:30.754096","5",0
39508,49512,48,"-1.00","2023-02-02 14:34:47.964228","5",0
39513,49516,49,"-1.00","2023-02-02 16:22:29.508385","5",0
39515,49518,92,"-1.00","2023-02-02 16:28:14.988604","5",0
39519,49526,48,"-1.00","2023-02-02 17:08:10.398069","5",0
39539,49559,49,"-1.00","2023-02-02 17:50:29.396426","5",0
39551,49578,92,"-1.00","2023-02-02 18:47:06.743483","5",0
39562,49597,48,"-1.00","2023-02-02 19:21:25.206467","5",0
39566,49604,49,"-1.00","2023-02-02 19:31:06.299107","5",0
39610,49681,48,"-1.00","2023-02-03 11:47:43.557687","5",0
39811,49880,49,"-1.00","2023-02-06 15:59:28.087757","6",0
39812,49882,48,"-1.00","2023-02-06 16:01:39.264055","6",0
39845,49918,49,"-1.00","2023-02-06 16:40:00.327029","6",0
39948,50013,92,"-1.00","2023-02-06 17:55:11.252174","6",0
39972,50036,48,"-1.00","2023-02-06 18:02:31.986236","6",0
39992,50057,49,"-1.00","2023-02-06 18:10:04.07412","6",0
40074,50133,47,"-1.00","2023-02-06 18:40:20.139987","6",0
40142,50213,92,"-1.00","2023-02-06 19:13:17.124582","6",0
40187,50283,49,"-1.00","2023-02-06 19:42:01.631419","6",0
40222,50322,49,"-1.00","2023-02-06 19:59:34.831148","6",0
40260,50381,49,"-1.00","2023-02-06 20:30:37.966975","6",0
40286,50409,76,"-1.00","2023-02-07 13:54:36.556069","6",0
40299,50424,92,"-1.00","2023-02-07 15:40:51.403129","6",0
40311,50436,76,"-1.00","2023-02-07 17:55:18.83852","6",0
40314,50440,48,"-1.00","2023-02-07 18:57:24.891576","6",0
40322,50448,48,"-1.00","2023-02-07 19:13:58.445648","6",0
40576,50714,92,"-1.00","2023-02-08 17:02:17.462977","6",0
40806,50943,47,"-1.00","2023-02-08 19:15:27.445774","6",0
40807,50945,49,"-1.00","2023-02-08 19:16:24.944243","6",0
40812,50951,76,"-1.00","2023-02-08 19:19:20.524172","6",0
40825,50973,47,"-1.00","2023-02-08 19:29:17.674606","6",0
40828,50977,49,"-1.00","2023-02-08 19:30:21.78949","6",0
40851,51014,47,"-1.00","2023-02-08 19:50:51.206019","6",0
40859,51027,92,"-1.00","2023-02-08 20:00:11.591542","6",0
40884,51069,49,"-1.00","2023-02-08 20:30:14.421122","6",0
40899,51089,76,"-1.00","2023-02-09 12:30:03.796391","6",0
40903,51095,76,"-1.00","2023-02-09 13:44:53.384506","6",0
40914,51106,47,"-4.00","2023-02-09 15:28:49.476584","6",1
40988,51199,76,"-1.00","2023-02-13 14:52:28.594402","7",0
40996,51206,49,"-1.00","2023-02-13 15:35:29.032152","7",0
41000,51212,49,"-1.00","2023-02-13 15:53:31.062746","7",0
41006,51219,92,"-1.00","2023-02-13 16:14:49.571392","7",0
41011,51227,49,"-1.00","2023-02-13 16:27:02.945456","7",0
41018,51238,76,"-1.00","2023-02-13 16:53:24.530137","7",0
41027,51254,49,"-1.00","2023-02-13 18:14:04.024989","7",0
41066,51301,47,"-1.00","2023-02-14 13:58:44.676548","7",0
41201,51447,92,"-1.00","2023-02-14 16:53:59.518128","7",0
41517,51771,49,"-1.00","2023-02-15 12:31:57.440594","7",0
41924,52177,49,"-1.00","2023-02-15 18:59:13.995663","7",0
42111,52394,92,"-1.00","2023-02-16 15:49:42.008209","7",0
42123,52407,76,"-1.00","2023-02-16 17:21:54.013775","7",0
42145,52438,76,"-1.00","2023-02-18 04:54:41.759704","7",0
42147,52440,76,"-1.00","2023-02-18 12:45:37.205065","7",0
42156,52448,49,"-1.00","2023-02-19 15:47:01.039084","7",0
42163,52458,76,"-1.00","2023-02-20 13:35:51.362884","8",0
42320,52612,49,"-1.00","2023-02-20 17:04:45.11086","8",0
42460,52753,92,"-1.00","2023-02-20 18:39:09.783996","8",0
42475,52770,92,"-1.00","2023-02-20 18:46:40.527103","8",0
42606,52929,76,"-1.00","2023-02-21 11:50:17.233625","8",0
42769,53110,49,"-1.00","2023-02-22 13:58:15.444874","8",0
42792,53130,76,"-1.00","2023-02-22 14:57:01.151328","8",0
42952,53298,49,"-1.00","2023-02-22 17:04:24.215181","8",0
42978,53321,49,"-1.00","2023-02-22 17:15:18.585256","8",0
43191,53549,92,"-1.00","2023-02-22 19:26:14.664349","8",0
43316,53707,49,"-1.00","2023-02-23 13:49:35.793534","8",0
43330,53730,47,"-1.00","2023-02-23 15:47:54.957183","8",0
43345,53744,76,"-1.00","2023-02-23 16:56:31.831816","8",0
43394,53812,49,"-1.00","2023-02-24 16:42:57.955567","8",0
43418,53847,49,"-1.00","2023-02-24 19:10:26.562435","8",0
43450,53898,49,"-1.00","2023-02-25 12:23:51.764105","8",0
43470,53927,49,"-1.00","2023-02-25 14:08:29.059686","8",0
43481,53946,49,"-1.00","2023-02-25 15:16:06.724759","8",0
43482,53948,49,"-1.00","2023-02-25 15:17:17.949367","8",0
43509,53999,49,"-1.00","2023-02-25 19:18:20.305667","8",0
43565,54077,49,"-1.00","2023-02-26 14:38:26.544969","8",0
43605,54137,47,"-1.00","2023-02-27 17:53:48.4114","9",0
43625,54159,76,"-1.00","2023-02-27 20:20:57.184604","9",0
43635,54175,92,"-1.00","2023-02-27 22:28:24.882941","9",0
43682,54236,76,"-1.00","2023-02-28 16:54:27.772325","9",0
43796,54393,76,"-1.00","2023-02-28 19:18:02.203795","9",0
43885,54496,49,"-1.00","2023-03-01 14:58:09.212305","9",0
44169,54779,49,"-1.00","2023-03-01 17:39:15.476563","9",0
44172,54783,49,"-1.00","2023-03-01 17:40:45.809399","9",0
44197,54803,49,"-2.00","2023-03-01 17:51:22.960795","9",0
44242,54856,49,"-2.00","2023-03-01 18:15:57.697049","9",0
44246,54858,49,"-1.00","2023-03-01 18:18:32.045105","9",0
44445,55068,92,"-1.00","2023-03-01 20:12:52.418875","9",0
44453,55075,92,"-1.00","2023-03-01 20:17:46.765175","9",0
44489,55111,49,"-1.00","2023-03-01 20:47:48.626643","9",0
44514,55143,47,"-1.00","2023-03-02 14:38:02.093899","9",0
44625,55272,49,"-1.00","2023-03-02 18:25:52.81431","9",0
44632,55282,47,"-1.00","2023-03-02 18:37:21.354557","9",0
44647,55302,49,"-1.00","2023-03-02 18:47:48.4143","9",0
44720,55373,92,"-1.00","2023-03-02 19:41:07.91129","9",0
44721,55373,49,"-1.00","2023-03-02 19:41:07.91129","9",0
44790,55458,76,"-1.00","2023-03-03 15:31:42.688563","9",0
44792,55460,92,"-1.00","2023-03-03 15:41:26.969312","9",0
44809,55493,49,"-1.00","2023-03-03 18:57:51.502102","9",0
44961,55701,49,"-1.00","2023-03-06 15:40:18.774168","10",0
44962,55701,92,"-1.00","2023-03-06 15:40:18.774168","10",0
45083,55844,49,"-1.00","2023-03-06 17:57:32.230968","10",0
45097,55856,49,"-1.00","2023-03-06 18:02:24.53418","10",0
45149,55900,49,"-1.00","2023-03-06 18:20:20.674724","10",0
45285,56062,49,"-1.00","2023-03-06 21:20:18.339033","10",0
45296,56076,49,"-1.00","2023-03-07 12:09:50.656126","10",0
45334,56116,49,"-1.00","2023-03-07 16:14:12.352077","10",0
45338,56119,49,"-1.00","2023-03-07 16:37:42.10666","10",0
45369,56155,49,"-1.00","2023-03-08 12:05:26.153307","10",0
45387,56178,92,"-1.00","2023-03-08 14:34:40.546682","10",0
45651,56420,49,"-1.00","2023-03-08 17:47:52.098549","10",0
45662,56430,92,"-1.00","2023-03-08 17:51:11.347449","10",0
45663,56430,49,"-1.00","2023-03-08 17:51:11.347449","10",0
45674,56446,47,"-1.00","2023-03-08 18:00:50.230153","10",0
45690,56474,47,"-1.00","2023-03-08 18:14:36.134003","10",0
45705,56497,92,"-1.00","2023-03-08 18:26:41.890033","10",0
45711,56507,92,"-1.00","2023-03-08 18:29:53.270893","10",0
45714,56513,92,"-1.00","2023-03-08 18:34:26.818063","10",0
45737,56547,92,"-1.00","2023-03-08 18:53:05.325512","10",0
45745,56560,92,"-1.00","2023-03-08 19:01:59.636697","10",0
45755,56572,49,"-1.00","2023-03-08 19:09:09.309764","10",0
45786,56612,92,"-1.00","2023-03-08 19:32:04.61003","10",0
45788,56614,92,"-1.00","2023-03-08 19:34:15.672981","10",0
45792,56618,76,"-1.00","2023-03-08 19:35:35.82709","10",0
45793,56618,92,"-1.00","2023-03-08 19:35:35.82709","10",0
45845,56705,92,"-1.00","2023-03-08 20:29:38.654764","10",0
45852,56718,76,"-1.00","2023-03-09 08:26:14.237692","10",0
45889,56775,92,"-1.00","2023-03-09 15:15:27.525142","10",0
45936,56837,47,"-1.00","2023-03-09 17:33:31.743742","10",0
45948,56851,49,"-1.00","2023-03-09 18:20:54.151882","10",0
46002,56928,76,"-1.00","2023-03-13 09:56:28.810357","11",0
46328,57306,92,"-1.00","2023-03-13 19:59:45.961079","11",0
46341,57323,49,"-1.00","2023-03-13 20:17:04.890952","11",0
46350,57330,49,"-1.00","2023-03-13 20:20:08.352121","11",0
46389,57380,76,"-1.00","2023-03-14 13:35:10.981596","11",0
46413,57411,92,"-1.00","2023-03-14 20:37:53.105111","11",0
46432,57432,47,"-1.00","2023-03-15 13:15:26.173144","11",0
46476,57473,49,"-1.00","2023-03-15 15:02:24.85272","11",0
46838,57866,49,"-1.00","2023-03-15 19:42:34.535571","11",0
46919,57970,49,"-1.00","2023-03-16 13:59:02.442878","11",0
46966,58025,49,"-1.00","2023-03-16 18:04:06.470012","11",0
46969,58031,49,"-2.00","2023-03-16 18:27:24.955528","11",0
46973,58036,92,"-1.00","2023-03-16 20:34:13.856567","11",0
46998,58072,76,"-1.00","2023-03-18 17:42:00.076077","11",1
46999,58074,49,"-1.00","2023-03-18 18:06:41.724228","11",0
47411,58512,49,"-1.00","2023-03-20 20:31:53.584955","12",0
47454,58561,49,"-1.00","2023-03-21 15:26:57.771013","12",0
47484,58596,76,"-1.00","2023-03-22 10:19:45.572772","12",0
47863,58993,49,"-1.00","2023-03-22 19:08:07.395994","12",0
47912,59063,49,"-1.00","2023-03-22 19:42:11.527958","12",0
47949,59119,47,"-1.00","2023-03-22 20:36:36.639611","12",0
48009,59173,49,"-1.00","2023-03-23 16:01:46.805687","12",0
48060,59223,76,"-1.00","2023-03-24 18:07:59.595269","12",1
48064,59230,49,"-1.00","2023-03-24 21:14:23.127052","12",1
48072,59237,47,"-1.00","2023-03-25 11:27:01.706105","12",1
48074,59240,49,"-1.00","2023-03-25 11:31:53.186218","12",0
48094,59262,49,"-1.00","2023-03-25 15:28:56.302371","12",0
48157,59345,76,"-1.00","2023-03-27 16:29:47.91286","13",0
48179,59368,49,"-1.00","2023-03-27 17:56:12.716044","13",0
48181,59369,49,"-1.00","2023-03-27 17:56:41.393895","13",0
48182,59371,92,"-1.00","2023-03-27 17:57:25.231878","13",0
48185,59374,92,"-1.00","2023-03-27 18:47:43.054413","13",0
48186,59375,49,"-1.00","2023-03-27 18:53:33.351569","13",0
48190,59379,49,"-1.00","2023-03-27 19:27:02.232008","13",1
48218,59420,49,"-1.00","2023-03-28 13:46:56.308017","13",0
48221,59423,92,"-1.00","2023-03-28 13:54:36.435254","13",0
48284,59520,76,"-1.00","2023-03-28 19:59:23.104989","13",0
48320,59569,92,"-1.00","2023-03-29 14:00:47.043989","13",0
48574,59836,49,"-1.00","2023-03-29 16:57:35.403318","13",0
48746,60020,49,"-1.00","2023-03-29 18:49:12.014906","13",0
48769,60048,47,"-1.00","2023-03-29 19:11:45.857748","13",0
48770,60048,49,"-1.00","2023-03-29 19:11:45.857748","13",0
48793,60081,92,"-1.00","2023-03-29 19:42:58.923574","13",0
48887,60188,49,"-1.00","2023-03-31 18:43:57.099433","13",0
48968,60280,49,"-1.00","2023-04-03 14:02:49.368633","14",0
49199,60542,92,"-1.00","2023-04-03 17:23:19.580834","14",0
49237,60576,49,"-2.00","2023-04-03 17:45:52.262436","14",0
49377,60744,47,"-1.00","2023-04-04 13:14:23.126166","14",0
49378,60746,76,"-1.00","2023-04-04 13:16:06.253811","14",0
49379,60746,49,"-1.00","2023-04-04 13:16:06.253811","14",0
49383,60752,76,"-1.00","2023-04-04 15:04:53.945566","14",0
49471,60823,49,"-1.00","2023-04-05 16:48:50.476759","14",0
49504,60855,76,"-1.00","2023-04-05 17:43:12.079176","14",0
49533,60893,49,"-1.00","2023-04-06 12:12:49.387391","14",0
49558,60910,92,"-1.00","2023-04-06 15:49:18.337541","14",0
49560,60914,47,"-1.00","2023-04-06 16:12:48.102367","14",0
49565,60921,49,"-1.00","2023-04-06 16:40:38.389599","14",0
49566,60923,49,"-1.00","2023-04-06 16:40:56.268312","14",0
49604,60983,49,"-1.00","2023-04-10 18:58:35.565982","15",0
49676,61058,47,"-1.00","2023-04-11 18:12:29.826309","15",0
49791,61157,49,"-1.00","2023-04-12 15:25:00.004404","15",0
49797,61165,49,"-1.00","2023-04-12 15:45:26.478872","15",0
49840,61201,49,"-1.00","2023-04-12 16:33:36.163193","15",0
49844,61205,92,"-1.00","2023-04-12 16:35:17.32197","15",0
49878,61253,49,"-1.00","2023-04-12 17:26:43.22189","15",0
49885,61266,92,"-1.00","2023-04-12 17:32:38.074726","15",0
49886,61266,49,"-1.00","2023-04-12 17:32:38.074726","15",0
49910,61303,47,"-1.00","2023-04-12 18:12:51.581992","15",0
49912,61305,47,"-1.00","2023-04-12 18:14:20.850944","15",0
49919,61311,47,"-1.00","2023-04-12 18:17:16.513949","15",0
49920,61311,92,"-2.00","2023-04-12 18:17:16.513949","15",0
49934,61334,92,"-1.00","2023-04-12 18:35:48.009407","15",0
49941,61344,47,"-1.00","2023-04-12 18:39:51.765352","15",0
49943,61348,92,"-1.00","2023-04-12 18:42:34.485977","15",0
49946,61354,49,"-1.00","2023-04-12 18:54:12.91876","15",0
49957,61370,49,"-1.00","2023-04-12 19:04:30.0939","15",0
49966,61387,92,"-1.00","2023-04-12 19:16:16.272231","15",0
49972,61397,49,"-1.00","2023-04-12 19:27:57.608715","15",0
50020,61459,92,"-1.00","2023-04-13 20:10:42.803915","15",0
50027,61469,49,"-1.00","2023-04-14 12:35:23.86123","15",0
50033,61475,49,"-1.00","2023-04-14 14:08:35.471651","15",0
50063,61506,49,"-1.00","2023-04-15 15:11:55.902807","15",0
50111,61537,49,"-1.00","2023-04-16 12:07:52.311117","15",0
50125,61562,47,"-1.00","2023-04-16 18:56:10.632909","15",0
50215,61686,47,"-1.00","2023-04-17 16:13:32.704088","16",0
50226,61700,76,"-1.00","2023-04-17 16:31:04.472147","16",0
50227,61700,92,"-1.00","2023-04-17 16:31:04.472147","16",0
50242,61718,92,"-1.00","2023-04-17 16:54:07.136705","16",0
50274,61762,76,"-1.00","2023-04-17 18:01:28.029602","16",0
50295,61794,47,"-1.00","2023-04-17 18:39:03.64369","16",0
50298,61800,49,"-1.00","2023-04-17 18:47:14.784392","16",0
50305,61808,49,"-1.00","2023-04-17 18:49:00.861883","16",0
50319,61831,49,"-1.00","2023-04-17 19:08:29.785005","16",0
50345,61867,76,"-1.00","2023-04-18 13:13:33.229166","16",0
50362,61891,49,"-1.00","2023-04-18 14:57:08.61083","16",0
50531,62073,49,"-1.00","2023-04-19 14:29:00.727842","16",0
50586,62144,49,"-1.00","2023-04-19 15:35:32.719966","16",0
50591,62152,92,"-1.00","2023-04-19 15:48:46.424711","16",0
50690,62289,76,"-1.00","2023-04-19 17:35:13.855832","16",0
50712,62327,49,"-1.00","2023-04-19 18:01:37.881716","16",0
50718,62338,49,"-1.00","2023-04-19 18:07:10.814177","16",0
50739,62374,92,"-1.00","2023-04-19 18:22:14.126638","16",0
50741,62376,76,"-1.00","2023-04-19 18:22:40.599309","16",0
50766,62414,49,"-1.00","2023-04-19 18:42:13.328314","16",0
50773,62425,92,"-1.00","2023-04-19 18:47:02.494506","16",0
50812,62487,76,"-1.00","2023-04-19 19:27:09.744572","16",0
50813,62489,49,"-1.00","2023-04-19 19:29:48.181103","16",0
50814,62490,49,"-1.00","2023-04-19 19:30:12.879531","16",0
50821,62499,76,"-1.00","2023-04-19 19:38:25.355824","16",0
50909,62596,92,"-1.00","2023-04-20 18:30:28.497554","16",0
50912,62599,49,"-1.00","2023-04-20 18:35:10.196771","16",0
50922,62615,49,"-1.00","2023-04-20 19:35:03.032685","16",0
50951,62648,76,"-1.00","2023-04-21 13:32:26.20764","16",0
50969,62667,92,"-1.00","2023-04-21 17:38:55.581755","16",0
50981,62681,92,"-1.00","2023-04-22 17:38:58.782266","16",0
50982,62681,49,"-1.00","2023-04-22 17:38:58.782266","16",0
51059,62788,92,"-2.00","2023-04-24 14:36:03.345954","17",0
51065,62798,92,"-1.00","2023-04-24 15:11:52.33938","17",0
51076,62814,76,"-1.00","2023-04-24 15:51:55.387007","17",0
51080,62821,76,"-1.00","2023-04-24 16:02:01.403683","17",0
51081,62823,76,"-1.00","2023-04-24 16:07:22.25533","17",0
51125,62874,49,"-1.00","2023-04-24 17:22:37.910694","17",0
51175,62930,92,"-1.00","2023-04-24 18:49:47.662548","17",0
51228,63005,92,"-1.00","2023-04-25 14:16:47.621444","17",0
51415,63213,92,"-1.00","2023-04-26 15:31:15.110953","17",0
51441,63244,92,"-1.00","2023-04-26 16:11:32.220957","17",0
51537,63331,92,"-1.00","2023-04-26 17:59:02.763218","17",0
51627,63444,76,"-1.00","2023-04-27 16:09:07.521621","17",1
51688,63499,76,"-1.00","2023-04-28 15:30:50.376314","17",0
51719,63535,92,"-1.00","2023-05-01 15:18:58.839041","18",0
51969,63824,92,"-1.00","2023-05-03 16:08:23.79748","18",0
52025,63884,92,"-1.00","2023-05-03 16:38:29.761577","18",0
52033,63895,92,"-1.00","2023-05-03 16:44:24.6539","18",0
52055,63920,92,"-1.00","2023-05-03 17:04:56.678384","18",0
52128,64003,76,"-1.00","2023-05-03 17:51:53.273551","18",0
52176,64046,92,"-1.00","2023-05-03 18:12:45.057904","18",0
52183,64050,92,"-1.00","2023-05-03 18:14:03.915658","18",0
52195,64066,92,"-1.00","2023-05-03 18:21:14.029558","18",0
52284,64167,92,"-1.00","2023-05-03 19:27:51.240096","18",0
52372,64251,92,"-1.00","2023-05-04 17:13:10.248153","18",0
52378,64257,92,"-1.00","2023-05-04 18:09:05.012134","18",0
52385,64265,76,"-1.00","2023-05-04 21:12:31.962218","18",0
52506,64373,92,"-1.00","2023-05-09 15:03:29.868142","19",0
52519,64388,92,"-1.00","2023-05-09 19:34:23.689359","19",0
52572,64458,92,"-1.00","2023-05-10 15:53:42.564751","19",0
52673,64577,92,"-1.00","2023-05-11 17:38:41.596841","19",0
52729,64660,76,"-1.00","2023-05-12 19:05:06.385665","19",0
52735,64670,76,"-1.00","2023-05-14 18:21:00.978255","19",0
52738,64673,76,"-1.00","2023-05-14 19:45:33.29195","19",0
52790,64749,76,"-1.00","2023-05-15 17:59:00.686316","20",0
52866,64853,92,"-1.00","2023-05-17 09:23:50.605428","20",0
52896,64887,49,"-1.00","2023-05-17 13:12:40.273692","20",0
52954,64948,49,"-1.00","2023-05-18 16:22:10.579734","20",0
52974,64960,49,"-1.00","2023-05-18 18:48:44.770012","20",0
52975,64961,49,"-1.00","2023-05-18 19:36:13.203816","20",0
52978,64967,92,"-1.00","2023-05-18 21:37:44.790384","20",0
53004,64996,49,"-1.00","2023-05-19 12:27:20.112919","20",0
53050,65058,49,"-1.00","2023-05-19 14:33:35.654011","20",0
53083,65096,92,"-1.00","2023-05-19 15:09:24.941851","20",0
53274,65315,92,"-1.00","2023-05-19 17:35:58.373201","20",0
53276,65317,92,"-1.00","2023-05-19 17:40:28.271182","20",0
53354,65407,92,"-1.00","2023-05-19 18:36:54.246037","20",0
53356,65409,49,"-1.00","2023-05-19 18:38:15.792195","20",0
53363,65419,49,"-1.00","2023-05-19 18:49:39.277895","20",0
53400,65473,76,"-1.00","2023-05-20 10:18:47.152591","20",0
53401,65473,92,"-1.00","2023-05-20 10:18:47.152591","20",0
53422,65490,92,"-1.00","2023-05-21 13:34:14.489506","20",0
53522,65609,49,"-1.00","2023-05-22 15:14:44.230028","21",0
53545,65637,49,"-1.00","2023-05-23 13:11:06.304125","21",0
53663,65792,49,"-1.00","2023-05-24 12:59:48.38728","21",0
53693,65828,76,"-1.00","2023-05-24 18:10:20.304786","21",0
53714,65857,49,"-1.00","2023-05-25 13:26:42.289384","21",0
53721,65865,49,"-1.00","2023-05-25 15:30:00.967844","21",0
53728,65877,92,"-1.00","2023-05-25 17:53:49.348588","21",0
53729,65878,49,"-1.00","2023-05-25 17:55:02.722823","21",1
53735,65884,49,"-1.00","2023-05-27 17:59:43.660014","21",0
53970,66180,76,"-1.00","2023-06-02 11:54:04.629535","22",0
53975,66187,49,"-1.00","2023-06-02 14:36:47.14171","22",0
53977,66187,76,"-1.00","2023-06-02 14:36:47.14171","22",0
53981,66193,76,"-1.00","2023-06-02 18:30:56.137198","22",1
54034,66256,49,"-1.00","2023-06-05 12:21:53.977067","23",0
54051,66278,76,"-1.00","2023-06-05 16:38:19.795592","23",0
54068,66298,49,"-1.00","2023-06-06 10:46:05.045478","23",0
54268,66594,92,"-1.00","2023-06-07 15:22:00.599922","23",0
54269,66594,49,"-1.00","2023-06-07 15:22:00.599922","23",0
54364,66706,76,"-1.00","2023-06-07 16:54:13.605863","23",0
54386,66745,49,"-1.00","2023-06-07 17:29:26.35107","23",0
54513,66936,49,"-1.00","2023-06-07 19:31:30.924623","23",0
54516,66942,49,"-1.00","2023-06-07 19:38:12.005989","23",0
54520,66948,49,"-1.00","2023-06-08 10:07:48.282144","23",0
54534,66965,49,"-1.00","2023-06-08 12:59:00.55262","23",0
54537,66970,49,"-1.00","2023-06-08 14:51:25.451414","23",0
54574,67021,76,"-1.00","2023-06-12 15:46:34.18269","24",1
54582,67027,76,"-1.00","2023-06-13 16:00:49.522417","24",1
54660,67119,92,"-1.00","2023-06-19 16:32:00.854372","25",0
54665,67126,49,"-1.00","2023-06-19 18:43:10.319659","25",1
54679,67145,76,"-1.00","2023-06-20 09:40:07.087333","25",0
54680,67145,49,"-1.00","2023-06-20 09:40:07.087333","25",0
54697,67168,49,"-1.00","2023-06-21 09:40:56.262065","25",0
54730,67204,49,"-1.00","2023-06-22 17:51:16.882912","25",0
54750,67221,76,"-1.00","2023-06-24 09:47:29.986202","25",0
54842,67357,76,"-1.00","2023-06-26 15:33:22.985364","26",0
54878,67413,92,"-1.00","2023-06-26 16:15:20.598884","26",0
54906,67460,92,"-1.00","2023-06-26 16:42:32.471254","26",0
54909,67462,49,"-1.00","2023-06-26 16:43:41.574001","26",0
54940,67512,92,"-1.00","2023-06-26 17:08:20.861571","26",0
54941,67512,49,"-1.00","2023-06-26 17:08:20.861571","26",0
54945,67518,49,"-1.00","2023-06-26 17:09:40.473937","26",0
54965,67551,49,"-1.00","2023-06-26 17:26:45.836069","26",0
54977,67571,92,"-1.00","2023-06-26 17:38:03.17708","26",0
55018,67630,49,"-1.00","2023-06-26 18:13:58.410532","26",0
55026,67641,76,"-1.00","2023-06-26 18:21:17.233155","26",0
55036,67657,49,"-1.00","2023-06-26 18:28:41.119676","26",0
55087,67728,49,"-2.00","2023-06-26 19:13:07.027661","26",0
55149,67815,49,"-1.00","2023-06-28 18:05:04.589043","26",1
55152,67817,49,"-1.00","2023-06-29 09:23:11.284731","26",0
55162,67833,76,"-1.00","2023-06-29 18:02:30.82718","26",0
55179,67846,92,"-1.00","2023-07-05 07:55:56.593277","27",0
55181,67848,76,"-1.00","2023-07-05 09:33:24.046278","27",1
55196,67867,92,"-1.00","2023-07-11 17:40:44.636456","28",0
55198,67870,92,"-1.00","2023-07-11 17:41:33.431288","28",0
55201,67873,76,"-1.00","2023-07-12 14:54:35.225912","28",0
55214,67885,92,"-1.00","2023-07-18 13:24:59.278246","29",0
55248,67915,76,"-1.00","2023-07-18 15:11:11.391323","29",0
55327,67970,92,"-1.00","2023-07-18 17:23:12.672882","29",0
55392,68026,76,"-1.00","2023-07-24 14:31:01.384415","30",0
55408,68051,76,"-1.00","2023-07-26 13:50:54.549725","30",0
55708,68383,76,"-1.00","2023-09-14 10:28:02.377923","37",1
55746,68414,92,"-1.00","2023-09-14 14:08:33.523322","37",1
55748,68416,49,"-1.00","2023-09-14 14:09:39.022796","37",0
55749,68416,47,"-1.00","2023-09-14 14:09:39.022796","37",0
56002,68675,47,"-1.00","2023-09-14 18:33:45.208502","37",0
56294,68992,49,"-1.00","2023-09-15 12:30:18.405625","37",0
56317,69009,92,"-1.00","2023-09-15 12:42:27.389028","37",0
56441,69161,47,"-1.00","2023-09-15 16:50:48.068011","37",0
56452,69170,47,"-1.00","2023-09-15 17:35:12.634277","37",0
56576,69343,47,"-1.00","2023-09-18 15:40:08.42331","38",0
56601,69388,76,"-1.00","2023-09-18 16:19:57.342024","38",0
56613,69405,92,"-1.00","2023-09-18 16:32:27.394914","38",0
56614,69407,92,"-1.00","2023-09-18 16:33:01.185472","38",0
56617,69409,92,"-1.00","2023-09-18 16:33:54.418631","38",0
56754,69643,49,"-1.00","2023-09-18 18:37:40.323505","38",0
56998,69922,49,"-1.00","2023-09-21 19:20:02.733035","38",1
57313,70229,76,"-1.00","2023-09-25 16:39:19.003234","39",0
57314,70229,49,"-1.00","2023-09-25 16:39:19.003234","39",0
57554,70466,92,"-1.00","2023-09-25 18:34:21.985822","39",0
57618,70543,49,"-1.00","2023-09-25 19:08:43.687357","39",0
57622,70548,76,"-1.00","2023-09-25 19:16:01.349871","39",0
57644,70606,49,"-1.00","2023-09-26 13:42:09.818817","39",0
57665,70633,49,"-1.00","2023-09-26 15:52:01.497486","39",0
57730,70738,76,"-1.00","2023-09-26 17:38:50.842829","39",0
57784,70806,49,"-1.00","2023-09-27 17:04:22.120335","39",0
57806,70836,49,"-1.00","2023-09-27 17:35:59.676073","39",0
57811,70844,76,"-1.00","2023-09-27 17:44:31.59974","39",0
57813,70848,49,"-1.00","2023-09-27 17:45:56.610299","39",0
57854,70912,49,"-2.00","2023-09-27 19:24:03.478187","39",0
57861,70923,47,"-1.00","2023-09-27 19:29:08.472293","39",0
57917,71011,49,"-1.00","2023-09-27 20:43:11.78447","39",1
57932,71035,76,"-1.00","2023-09-27 21:19:25.332451","39",0
57935,71041,49,"-1.00","2023-09-27 21:34:34.254958","39",0
57937,71044,92,"-1.00","2023-09-27 22:02:58.845092","39",0
57949,71060,92,"-1.00","2023-09-27 22:25:06.182043","39",0
57953,71072,92,"-1.00","2023-09-27 22:40:30.53626","39",0
57983,71110,92,"-1.00","2023-09-30 14:11:00.013674","39",0
57990,71117,76,"-1.00","2023-09-30 17:14:54.594955","39",0
58089,71215,92,"-1.00","2023-10-02 14:50:55.616594","40",0
58444,71596,92,"-1.00","2023-10-02 19:33:45.504692","40",0
58696,71829,92,"-1.00","2023-10-04 15:04:47.257291","40",0
58830,71961,47,"-1.00","2023-10-04 16:23:31.964267","40",0
58841,71975,92,"-1.00","2023-10-04 16:28:56.397762","40",0
58885,72020,76,"-2.00","2023-10-04 16:56:58.969508","40",0
58897,72040,92,"-1.00","2023-10-04 17:05:56.911773","40",0
59035,72204,47,"-1.00","2023-10-04 18:24:26.969531","40",0
59042,72216,76,"-1.00","2023-10-04 18:31:15.55446","40",0
59044,72218,92,"-1.00","2023-10-04 18:31:58.698551","40",0
59077,72264,92,"-1.00","2023-10-04 18:55:34.922273","40",0
59087,72278,76,"-1.00","2023-10-04 19:02:44.890422","40",0
59095,72285,76,"-1.00","2023-10-04 19:07:29.61506","40",0
